"customer_id","customer_first_name","customer_last_name","country","orders_last_month","orders_last_6_months","orders_last_12_months","orders_all_time","file_path","execution_datetime","segment"
"JH-15985","Joseph","Holt","UNITED STATES","1","1","1","6","data/silver/","2025-11-06T00:17:45.094+01:00","Consumer"
"DL-12865","Dan","Lawera","UNITED STATES","0","1","2","7","data/silver/","2025-11-06T00:17:45.094+01:00","Consumer"
"MM-18055","Michelle","Moray","UNITED STATES","0","3","4","8","data/silver/","2025-11-06T00:17:45.094+01:00","Consumer"
"AB-10150","Aimee","Bixby","UNITED STATES","0","2","2","5","data/silver/","2025-11-06T00:17:45.094+01:00","Consumer"
"DV-13465","Dianna","Vittorini","UNITED STATES","1","1","2","5","data/silver/","2025-11-06T00:17:45.094+01:00","Consumer"
"SC-20305","Sean","Christensen","UNITED STATES","1","2","4","6","data/silver/","2025-11-06T00:17:45.094+01:00","Consumer"
"AB-10015","Aaron","Bergman","UNITED STATES","0","0","0","3","data/silver/","2025-11-06T00:17:45.094+01:00","Consumer"
"BM-11140","Becky","Martin","UNITED STATES","0","0","1","4","data/silver/","2025-11-06T00:17:45.094+01:00","Consumer"
"DL-13315","Delfina","Latchford","UNITED STATES","1","2","3","8","data/silver/","2025-11-06T00:17:45.094+01:00","Consumer"
"JP-15520","Jeremy","Pistek","UNITED STATES","2","2","2","7","data/silver/","2025-11-06T00:17:45.094+01:00","Consumer"
"HF-14995","Herbert","Flentye","UNITED STATES","1","1","1","7","data/silver/","2025-11-06T00:17:45.094+01:00","Consumer"
"AH-10585","Angele","Hood","UNITED STATES","1","2","2","4","data/silver/","2025-11-06T00:17:45.094+01:00","Consumer"
"BP-11290","Beth","Paige","UNITED STATES","1","2","3","7","data/silver/","2025-11-06T00:17:45.094+01:00","Consumer"
"RA-19285","Ralph","Arnett","UNITED STATES","2","3","4","9","data/silver/","2025-11-06T00:17:45.094+01:00","Consumer"
"LB-16735","Larry","Blacks","UNITED STATES","0","1","2","3","data/silver/","2025-11-06T00:17:45.094+01:00","Consumer"
"LC-17050","Liz","Carlisle","UNITED STATES","0","2","2","5","data/silver/","2025-11-06T00:17:45.094+01:00","Consumer"
"TT-21070","Ted","Trevino","UNITED STATES","0","2","2","7","data/silver/","2025-11-06T00:17:45.094+01:00","Consumer"
"PF-19225","Phillip","Flathmann","UNITED STATES","0","2","2","5","data/silver/","2025-11-06T00:17:45.094+01:00","Consumer"
"JF-15565","Jill","Fjeld","UNITED STATES","0","1","1","8","data/silver/","2025-11-06T00:17:45.094+01:00","Consumer"
"SB-20185","Sarah","Brown","UNITED STATES","0","0","2","6","data/silver/","2025-11-06T00:17:45.094+01:00","Consumer"
"DK-12895","Dana","Kaydos","UNITED STATES","0","3","3","5","data/silver/","2025-11-06T00:17:45.094+01:00","Consumer"
"NS-18505","Neola","Schneider","UNITED STATES","1","2","3","4","data/silver/","2025-11-06T00:17:45.094+01:00","Consumer"
"AC-10450","Amy","Cox","UNITED STATES","1","2","2","7","data/silver/","2025-11-06T00:17:45.094+01:00","Consumer"
"JL-15235","Janet","Lee","UNITED STATES","0","1","2","5","data/silver/","2025-11-06T00:17:45.094+01:00","Consumer"
"LC-16885","Lena","Creighton","UNITED STATES","1","2","3","12","data/silver/","2025-11-06T00:17:45.094+01:00","Consumer"
"JS-16030","Joy","Smith","UNITED STATES","1","2","3","6","data/silver/","2025-11-06T00:17:45.094+01:00","Consumer"
"DO-13645","Doug","O'Connell","UNITED STATES","1","6","6","7","data/silver/","2025-11-06T00:17:45.094+01:00","Consumer"
"MB-17305","Maria","Bertelson","UNITED STATES","0","3","4","10","data/silver/","2025-11-06T00:17:45.094+01:00","Consumer"
"RL-19615","Rob","Lucas","UNITED STATES","0","2","4","8","data/silver/","2025-11-06T00:17:45.094+01:00","Consumer"
"CL-12565","Clay","Ludtke","UNITED STATES","0","0","2","12","data/silver/","2025-11-06T00:17:45.094+01:00","Consumer"
"XP-21865","Xylona","Preis","UNITED STATES","0","4","4","11","data/silver/","2025-11-06T00:17:45.094+01:00","Consumer"
"WB-21850","William","Brown","UNITED STATES","1","2","3","10","data/silver/","2025-11-06T00:17:45.094+01:00","Consumer"
"EJ-14155","Eva","Jacobs","UNITED STATES","0","2","3","5","data/silver/","2025-11-06T00:17:45.094+01:00","Consumer"
"SS-20590","Sonia","Sunley","UNITED STATES","0","0","0","6","data/silver/","2025-11-06T00:17:45.094+01:00","Consumer"
"NC-18340","Nat","Carroll","UNITED STATES","0","0","1","5","data/silver/","2025-11-06T00:17:45.094+01:00","Consumer"
"TZ-21580","Tracy","Zic","UNITED STATES","0","1","1","4","data/silver/","2025-11-06T00:17:45.094+01:00","Consumer"
"DB-13660","Duane","Benoit","UNITED STATES","1","2","5","7","data/silver/","2025-11-06T00:17:45.094+01:00","Consumer"
"DK-12985","Darren","Koutras","UNITED STATES","1","1","2","5","data/silver/","2025-11-06T00:17:45.094+01:00","Consumer"
"JM-16195","Justin","MacKendrick","UNITED STATES","0","3","3","10","data/silver/","2025-11-06T00:17:45.094+01:00","Consumer"
"RA-19945","Ryan","Akin","UNITED STATES","0","1","2","5","data/silver/","2025-11-06T00:17:45.094+01:00","Consumer"
"PO-18865","Patrick","O'Donnell","UNITED STATES","2","3","4","7","data/silver/","2025-11-06T00:17:45.094+01:00","Consumer"
"RD-19900","Ruben","Dartt","UNITED STATES","0","1","1","9","data/silver/","2025-11-06T00:17:45.094+01:00","Consumer"
"RB-19570","Rob","Beeghly","UNITED STATES","1","1","2","5","data/silver/","2025-11-06T00:17:45.094+01:00","Consumer"
"PS-18760","Pamela","Stobb","UNITED STATES","0","1","2","6","data/silver/","2025-11-06T00:17:45.094+01:00","Consumer"
"BD-11605","Brian","Dahlen","UNITED STATES","0","1","2","6","data/silver/","2025-11-06T00:17:45.094+01:00","Consumer"
"DB-13060","Dave","Brooks","UNITED STATES","1","2","2","6","data/silver/","2025-11-06T00:17:45.094+01:00","Consumer"
"MS-17365","Maribeth","Schnelling","UNITED STATES","0","0","1","10","data/silver/","2025-11-06T00:17:45.094+01:00","Consumer"
"PR-18880","Patrick","Ryan","UNITED STATES","0","2","2","5","data/silver/","2025-11-06T00:17:45.094+01:00","Consumer"
"RF-19840","Roy","Französisch","UNITED STATES","1","1","2","7","data/silver/","2025-11-06T00:17:45.094+01:00","Consumer"
"JG-15160","James","Galang","UNITED STATES","1","2","3","11","data/silver/","2025-11-06T00:17:45.094+01:00","Consumer"
"TS-21610","Troy","Staebel","UNITED STATES","0","2","4","7","data/silver/","2025-11-06T00:17:45.094+01:00","Consumer"
"JF-15490","Jeremy","Farry","UNITED STATES","0","1","3","10","data/silver/","2025-11-06T00:17:45.094+01:00","Consumer"
"LL-16840","Lauren","Leatherbury","UNITED STATES","0","0","2","5","data/silver/","2025-11-06T00:17:45.094+01:00","Consumer"
"MV-18190","Mike","Vittorini","UNITED STATES","1","1","1","7","data/silver/","2025-11-06T00:17:45.094+01:00","Consumer"
"GZ-14470","Gary","Zandusky","UNITED STATES","1","2","3","9","data/silver/","2025-11-06T00:17:45.094+01:00","Consumer"
"CD-12280","Christina","DeMoss","UNITED STATES","0","2","2","2","data/silver/","2025-11-06T00:17:45.094+01:00","Consumer"
"GM-14500","Gene","McClure","UNITED STATES","0","3","3","10","data/silver/","2025-11-06T00:17:45.094+01:00","Consumer"
"SG-20605","Speros","Goranitis","UNITED STATES","0","1","2","5","data/silver/","2025-11-06T00:17:45.094+01:00","Consumer"
"RH-19555","Ritsa","Hightower","UNITED STATES","0","0","0","2","data/silver/","2025-11-06T00:17:45.094+01:00","Consumer"
"CM-12445","Chuck","Magee","UNITED STATES","0","0","0","3","data/silver/","2025-11-06T00:17:45.094+01:00","Consumer"
"RR-19315","Ralph","Ritter","UNITED STATES","1","1","1","2","data/silver/","2025-11-06T00:17:45.094+01:00","Consumer"
"MN-17935","Michael","Nguyen","UNITED STATES","0","2","3","6","data/silver/","2025-11-06T00:17:45.094+01:00","Consumer"
"MO-17950","Michael","Oakman","UNITED STATES","0","1","1","2","data/silver/","2025-11-06T00:17:45.094+01:00","Consumer"
"DB-13405","Denny","Blanton","UNITED STATES","0","0","2","4","data/silver/","2025-11-06T00:17:45.094+01:00","Consumer"
"RE-19450","Richard","Eichhorn","UNITED STATES","0","0","1","4","data/silver/","2025-11-06T00:17:45.094+01:00","Consumer"
"KM-16660","Khloe","Miller","UNITED STATES","1","1","1","5","data/silver/","2025-11-06T00:17:45.094+01:00","Consumer"
"MG-18145","Mike","Gockenbach","UNITED STATES","0","2","2","4","data/silver/","2025-11-06T00:17:45.094+01:00","Consumer"
"LS-17245","Lynn","Smith","UNITED STATES","0","1","1","6","data/silver/","2025-11-06T00:17:45.094+01:00","Consumer"
"GT-14755","Guy","Thornton","UNITED STATES","0","1","2","4","data/silver/","2025-11-06T00:17:45.094+01:00","Consumer"
"ST-20530","Shui","Tom","UNITED STATES","0","1","2","7","data/silver/","2025-11-06T00:17:45.094+01:00","Consumer"
"MO-17500","Mary","O'Rourke","UNITED STATES","0","1","1","4","data/silver/","2025-11-06T00:17:45.094+01:00","Consumer"
"MC-17575","Matt","Collins","UNITED STATES","1","2","3","8","data/silver/","2025-11-06T00:17:45.094+01:00","Consumer"
"TM-21010","Tamara","Manning","UNITED STATES","0","1","2","7","data/silver/","2025-11-06T00:17:45.094+01:00","Consumer"
"DB-13615","Doug","Bickford","UNITED STATES","0","2","3","7","data/silver/","2025-11-06T00:17:45.094+01:00","Consumer"
"EB-14110","Eugene","Barchas","UNITED STATES","0","1","1","6","data/silver/","2025-11-06T00:17:45.094+01:00","Consumer"
"RA-19915","Russell","Applegate","UNITED STATES","1","2","2","9","data/silver/","2025-11-06T00:17:45.094+01:00","Consumer"
"PO-18850","Patrick","O'Brill","UNITED STATES","1","5","5","11","data/silver/","2025-11-06T00:17:45.094+01:00","Consumer"
"TS-21655","Trudy","Schmidt","UNITED STATES","0","0","2","5","data/silver/","2025-11-06T00:17:45.094+01:00","Consumer"
"AJ-10945","Ashley","Jarboe","UNITED STATES","0","1","1","6","data/silver/","2025-11-06T00:17:45.094+01:00","Consumer"
"MG-17695","Maureen","Gnade","UNITED STATES","0","0","0","3","data/silver/","2025-11-06T00:17:45.094+01:00","Consumer"
"HL-15040","Hunter","Lopez","UNITED STATES","0","2","2","6","data/silver/","2025-11-06T00:17:45.094+01:00","Consumer"
"CS-11860","Cari","Schnelling","UNITED STATES","0","2","3","6","data/silver/","2025-11-06T00:17:45.094+01:00","Consumer"
"SG-20470","Sheri","Gordon","UNITED STATES","0","0","1","8","data/silver/","2025-11-06T00:17:45.094+01:00","Consumer"
"EJ-13720","Ed","Jacobs","UNITED STATES","0","0","1","4","data/silver/","2025-11-06T00:17:45.094+01:00","Consumer"
"FP-14320","Frank","Preis","UNITED STATES","1","2","2","8","data/silver/","2025-11-06T00:17:45.094+01:00","Consumer"
"SC-20575","Sonia","Cooley","UNITED STATES","0","2","2","4","data/silver/","2025-11-06T00:17:45.094+01:00","Consumer"
"AJ-10960","Astrea","Jones","UNITED STATES","0","1","1","3","data/silver/","2025-11-06T00:17:45.094+01:00","Consumer"
"VD-21670","Valerie","Dominguez","UNITED STATES","0","0","0","6","data/silver/","2025-11-06T00:17:45.094+01:00","Consumer"
"EH-14185","Evan","Henry","UNITED STATES","0","1","2","6","data/silver/","2025-11-06T00:17:45.094+01:00","Consumer"
"EM-13960","Eric","Murdock","UNITED STATES","0","1","1","5","data/silver/","2025-11-06T00:17:45.094+01:00","Consumer"
"TB-21250","Tim","Brockman","UNITED STATES","0","0","1","7","data/silver/","2025-11-06T00:17:45.094+01:00","Consumer"
"ML-18265","Muhammed","Lee","UNITED STATES","0","1","1","2","data/silver/","2025-11-06T00:17:45.094+01:00","Consumer"
"BW-11065","Barry","Weirich","UNITED STATES","0","0","1","3","data/silver/","2025-11-06T00:17:45.094+01:00","Consumer"
"BD-11725","Bruce","Degenhardt","UNITED STATES","0","2","4","6","data/silver/","2025-11-06T00:17:45.094+01:00","Consumer"
"LM-17065","Liz","MacKendrick","UNITED STATES","0","0","0","5","data/silver/","2025-11-06T00:17:45.094+01:00","Consumer"
"DP-13165","David","Philippe","UNITED STATES","0","0","0","2","data/silver/","2025-11-06T00:17:45.094+01:00","Consumer"
"IM-15055","Ionia","McGrath","UNITED STATES","0","0","0","2","data/silver/","2025-11-06T00:17:45.094+01:00","Consumer"
"MV-17485","Mark","Van","UNITED STATES","1","2","4","9","data/silver/","2025-11-06T00:17:45.094+01:00","Consumer"
"ME-17725","Max","Engle","UNITED STATES","2","2","4","8","data/silver/","2025-11-06T00:17:45.094+01:00","Consumer"
"JD-15790","John","Dryer","UNITED STATES","0","1","2","5","data/silver/","2025-11-06T00:17:45.094+01:00","Consumer"
"SJ-20215","Sarah","Jordon","UNITED STATES","1","2","3","6","data/silver/","2025-11-06T00:17:45.094+01:00","Consumer"
"AI-10855","Arianne","Irving","UNITED STATES","2","3","4","10","data/silver/","2025-11-06T00:17:45.094+01:00","Consumer"
"RO-19780","Rose","O'Brian","UNITED STATES","0","2","2","7","data/silver/","2025-11-06T00:17:45.094+01:00","Consumer"
"NG-18430","Nathan","Gelder","UNITED STATES","0","1","1","5","data/silver/","2025-11-06T00:17:45.094+01:00","Consumer"
"CS-12355","Christine","Sundaresam","UNITED STATES","1","4","6","11","data/silver/","2025-11-06T00:17:45.094+01:00","Consumer"
"DK-13375","Dennis","Kane","UNITED STATES","1","3","3","8","data/silver/","2025-11-06T00:17:45.094+01:00","Consumer"
"KH-16510","Keith","Herrera","UNITED STATES","1","2","2","6","data/silver/","2025-11-06T00:17:45.094+01:00","Consumer"
"LF-17185","Luke","Foster","UNITED STATES","1","1","2","7","data/silver/","2025-11-06T00:17:45.094+01:00","Consumer"
"KD-16270","Karen","Daniels","UNITED STATES","0","0","0","5","data/silver/","2025-11-06T00:17:45.094+01:00","Consumer"
"JE-15715","Joe","Elijah","UNITED STATES","0","2","3","10","data/silver/","2025-11-06T00:17:45.094+01:00","Consumer"
"JL-15835","John","Lee","UNITED STATES","1","3","5","10","data/silver/","2025-11-06T00:17:45.094+01:00","Consumer"
"RD-19720","Roger","Demir","UNITED STATES","1","1","3","10","data/silver/","2025-11-06T00:17:45.094+01:00","Consumer"
"KA-16525","Kelly","Andreada","UNITED STATES","0","2","3","7","data/silver/","2025-11-06T00:17:45.094+01:00","Consumer"
"EM-14065","Erin","Mull","UNITED STATES","0","1","2","4","data/silver/","2025-11-06T00:17:45.094+01:00","Consumer"
"TS-21505","Tony","Sayre","UNITED STATES","1","4","4","6","data/silver/","2025-11-06T00:17:45.094+01:00","Consumer"
"RW-19690","Robert","Waldorf","UNITED STATES","0","2","4","5","data/silver/","2025-11-06T00:17:45.094+01:00","Consumer"
"HG-14845","Harry","Greene","UNITED STATES","0","2","3","5","data/silver/","2025-11-06T00:17:45.094+01:00","Consumer"
"EH-13990","Erica","Hackney","UNITED STATES","0","0","0","6","data/silver/","2025-11-06T00:17:45.094+01:00","Consumer"
"SE-20110","Sanjit","Engle","UNITED STATES","1","3","4","11","data/silver/","2025-11-06T00:17:45.094+01:00","Consumer"
"RK-19300","Ralph","Kennedy","UNITED STATES","0","1","1","3","data/silver/","2025-11-06T00:17:45.094+01:00","Consumer"
"PK-19075","Pete","Kriz","UNITED STATES","1","4","5","12","data/silver/","2025-11-06T00:17:45.094+01:00","Consumer"
"CC-12670","Craig","Carreira","UNITED STATES","1","1","2","7","data/silver/","2025-11-06T00:17:45.094+01:00","Consumer"
"BG-11035","Barry","Gonzalez","UNITED STATES","1","3","3","8","data/silver/","2025-11-06T00:17:45.094+01:00","Consumer"
"DM-13015","Darrin","Martin","UNITED STATES","0","3","3","7","data/silver/","2025-11-06T00:17:45.094+01:00","Consumer"
"CC-12550","Clay","Cheatham","UNITED STATES","2","2","3","3","data/silver/","2025-11-06T00:17:45.094+01:00","Consumer"
"BS-11755","Bruce","Stewart","UNITED STATES","1","2","3","7","data/silver/","2025-11-06T00:17:45.094+01:00","Consumer"
"CB-12415","Christy","Brittain","UNITED STATES","1","2","3","8","data/silver/","2025-11-06T00:17:45.094+01:00","Consumer"
"JE-15745","Joel","Eaton","UNITED STATES","0","2","4","13","data/silver/","2025-11-06T00:17:45.094+01:00","Consumer"
"SJ-20500","Shirley","Jackson","UNITED STATES","0","0","1","5","data/silver/","2025-11-06T00:17:45.094+01:00","Consumer"
"CL-11890","Carl","Ludwig","UNITED STATES","0","1","2","4","data/silver/","2025-11-06T00:17:45.094+01:00","Consumer"
"RB-19435","Richard","Bierner","UNITED STATES","0","1","1","7","data/silver/","2025-11-06T00:17:45.094+01:00","Consumer"
"DK-13090","Dave","Kipp","UNITED STATES","0","3","4","7","data/silver/","2025-11-06T00:17:45.094+01:00","Consumer"
"SW-20455","Shaun","Weien","UNITED STATES","0","2","2","6","data/silver/","2025-11-06T00:17:45.094+01:00","Consumer"
"RD-19585","Rob","Dowd","UNITED STATES","0","2","3","9","data/silver/","2025-11-06T00:17:45.094+01:00","Consumer"
"DC-12850","Dan","Campbell","UNITED STATES","0","3","5","9","data/silver/","2025-11-06T00:17:45.094+01:00","Consumer"
"RF-19735","Roland","Fjeld","UNITED STATES","0","2","2","7","data/silver/","2025-11-06T00:17:45.094+01:00","Consumer"
"LT-17110","Liz","Thompson","UNITED STATES","0","2","2","8","data/silver/","2025-11-06T00:17:45.094+01:00","Consumer"
"GH-14665","Greg","Hansen","UNITED STATES","1","1","1","2","data/silver/","2025-11-06T00:17:45.094+01:00","Consumer"
"TB-21520","Tracy","Blumstein","UNITED STATES","0","2","2","9","data/silver/","2025-11-06T00:17:45.094+01:00","Consumer"
"BH-11710","Brosina","Hoffman","UNITED STATES","1","1","3","8","data/silver/","2025-11-06T00:17:45.094+01:00","Consumer"
"CC-12145","Charles","Crestani","UNITED STATES","0","1","1","7","data/silver/","2025-11-06T00:17:45.094+01:00","Consumer"
"SG-20080","Sandra","Glassco","UNITED STATES","1","1","1","3","data/silver/","2025-11-06T00:17:45.094+01:00","Consumer"
"AW-10840","Anthony","Witt","UNITED STATES","1","2","2","4","data/silver/","2025-11-06T00:17:45.094+01:00","Consumer"
"HZ-14950","Henia","Zydlo","UNITED STATES","0","3","4","5","data/silver/","2025-11-06T00:17:45.094+01:00","Consumer"
"AA-10375","Allen","Armold","UNITED STATES","1","2","2","9","data/silver/","2025-11-06T00:17:45.094+01:00","Consumer"
"BF-11080","Bart","Folk","UNITED STATES","1","2","2","3","data/silver/","2025-11-06T00:17:45.094+01:00","Consumer"
"CS-12505","Cindy","Stewart","UNITED STATES","0","1","1","6","data/silver/","2025-11-06T00:17:45.094+01:00","Consumer"
"CC-12220","Chris","Cortes","UNITED STATES","1","2","3","11","data/silver/","2025-11-06T00:17:45.094+01:00","Consumer"
"DC-13285","Debra","Catini","UNITED STATES","1","2","2","5","data/silver/","2025-11-06T00:17:45.094+01:00","Consumer"
"DN-13690","Duane","Noonan","UNITED STATES","0","0","1","7","data/silver/","2025-11-06T00:17:45.094+01:00","Consumer"
"RD-19930","Russell","D'Ascenzo","UNITED STATES","0","1","2","4","data/silver/","2025-11-06T00:17:45.094+01:00","Consumer"
"DO-13435","Denny","Ordway","UNITED STATES","0","1","4","9","data/silver/","2025-11-06T00:17:45.094+01:00","Consumer"
"BK-11260","Berenike","Kampe","UNITED STATES","0","2","2","6","data/silver/","2025-11-06T00:17:45.094+01:00","Consumer"
"TG-21310","Toby","Gnade","UNITED STATES","0","0","1","5","data/silver/","2025-11-06T00:17:45.094+01:00","Consumer"
"CS-12130","Chad","Sievert","UNITED STATES","0","0","0","4","data/silver/","2025-11-06T00:17:45.094+01:00","Consumer"
"JB-15925","Joni","Blumstein","UNITED STATES","0","0","0","3","data/silver/","2025-11-06T00:17:45.094+01:00","Consumer"
"JH-15910","Jonathan","Howell","UNITED STATES","0","1","3","7","data/silver/","2025-11-06T00:17:45.094+01:00","Consumer"
"JK-15730","Joe","Kamberova","UNITED STATES","0","2","3","9","data/silver/","2025-11-06T00:17:45.094+01:00","Consumer"
"SW-20245","Scot","Wooten","UNITED STATES","0","1","2","7","data/silver/","2025-11-06T00:17:45.094+01:00","Consumer"
"LW-17125","Liz","Willingham","UNITED STATES","0","0","1","3","data/silver/","2025-11-06T00:17:45.094+01:00","Consumer"
"LT-16765","Larry","Tron","UNITED STATES","1","1","1","3","data/silver/","2025-11-06T00:17:45.094+01:00","Consumer"
"JM-15535","Jessica","Myrick","UNITED STATES","0","2","2","7","data/silver/","2025-11-06T00:17:45.094+01:00","Consumer"
"PW-19240","Pierre","Wener","UNITED STATES","0","0","0","7","data/silver/","2025-11-06T00:17:45.094+01:00","Consumer"
"SA-20830","Sue","Ann","UNITED STATES","0","1","5","10","data/silver/","2025-11-06T00:17:45.094+01:00","Consumer"
"NP-18700","Nora","Preis","UNITED STATES","0","1","2","7","data/silver/","2025-11-06T00:17:45.094+01:00","Consumer"
"JW-15955","Joni","Wasserman","UNITED STATES","1","3","4","6","data/silver/","2025-11-06T00:17:45.094+01:00","Consumer"
"JF-15295","Jason","Fortune-","UNITED STATES","0","0","2","5","data/silver/","2025-11-06T00:17:45.094+01:00","Consumer"
"JJ-15445","Jennifer","Jackson","UNITED STATES","0","0","0","5","data/silver/","2025-11-06T00:17:45.094+01:00","Consumer"
"KW-16435","Katrina","Willman","UNITED STATES","0","2","2","5","data/silver/","2025-11-06T00:17:45.094+01:00","Consumer"
"TD-20995","Tamara","Dahlen","UNITED STATES","0","4","6","9","data/silver/","2025-11-06T00:17:45.094+01:00","Consumer"
"KB-16315","Karl","Braun","UNITED STATES","0","0","1","9","data/silver/","2025-11-06T00:17:45.094+01:00","Consumer"
"GM-14440","Gary","McGarr","UNITED STATES","0","2","4","7","data/silver/","2025-11-06T00:17:45.094+01:00","Consumer"
"NR-18550","Nick","Radford","UNITED STATES","0","0","1","5","data/silver/","2025-11-06T00:17:45.094+01:00","Consumer"
"RM-19375","Raymond","Messe","UNITED STATES","0","0","1","6","data/silver/","2025-11-06T00:17:45.094+01:00","Consumer"
"DJ-13630","Doug","Jacobs","UNITED STATES","1","1","1","3","data/silver/","2025-11-06T00:17:45.094+01:00","Consumer"
"AA-10315","Alex","Avila","UNITED STATES","0","0","1","5","data/silver/","2025-11-06T00:17:45.094+01:00","Consumer"
"JK-15370","Jay","Kimmel","UNITED STATES","0","3","3","7","data/silver/","2025-11-06T00:17:45.094+01:00","Consumer"
"KT-16480","Kean","Thornton","UNITED STATES","0","2","5","10","data/silver/","2025-11-06T00:17:45.094+01:00","Consumer"
"BM-11785","Bryan","Mills","UNITED STATES","0","0","2","10","data/silver/","2025-11-06T00:17:45.094+01:00","Consumer"
"BN-11515","Bradley","Nguyen","UNITED STATES","1","2","2","5","data/silver/","2025-11-06T00:17:45.094+01:00","Consumer"
"EC-14050","Erin","Creighton","UNITED STATES","0","2","3","5","data/silver/","2025-11-06T00:17:45.094+01:00","Consumer"
"RE-19405","Ricardo","Emerson","UNITED STATES","0","0","0","1","data/silver/","2025-11-06T00:17:45.094+01:00","Consumer"
"JG-15115","Jack","Garza","UNITED STATES","0","0","0","3","data/silver/","2025-11-06T00:17:45.094+01:00","Consumer"
"JM-15250","Janet","Martin","UNITED STATES","0","3","5","6","data/silver/","2025-11-06T00:17:45.094+01:00","Consumer"
"PG-18895","Paul","Gonzalez","UNITED STATES","0","2","4","9","data/silver/","2025-11-06T00:17:45.094+01:00","Consumer"
"BD-11500","Bradley","Drucker","UNITED STATES","0","1","2","6","data/silver/","2025-11-06T00:17:45.094+01:00","Consumer"
"JS-15880","John","Stevenson","UNITED STATES","0","0","0","5","data/silver/","2025-11-06T00:17:45.094+01:00","Consumer"
"MM-17260","Magdelene","Morse","UNITED STATES","0","1","2","4","data/silver/","2025-11-06T00:17:45.094+01:00","Consumer"
"IG-15085","Ivan","Gibson","UNITED STATES","0","1","1","4","data/silver/","2025-11-06T00:17:45.094+01:00","Consumer"
"CM-11935","Carlos","Meador","UNITED STATES","0","0","0","2","data/silver/","2025-11-06T00:17:45.094+01:00","Consumer"
"JH-16180","Justin","Hirsh","UNITED STATES","0","0","0","4","data/silver/","2025-11-06T00:17:45.094+01:00","Consumer"
"BS-11665","Brian","Stugart","UNITED STATES","0","0","0","3","data/silver/","2025-11-06T00:17:45.094+01:00","Consumer"
"TB-21595","Troy","Blackwell","UNITED STATES","0","0","1","4","data/silver/","2025-11-06T00:17:45.094+01:00","Consumer"
"EN-13780","Edward","Nazzal","UNITED STATES","0","0","1","4","data/silver/","2025-11-06T00:17:45.094+01:00","Consumer"
"MS-17830","Melanie","Seite","UNITED STATES","0","0","0","4","data/silver/","2025-11-06T00:17:45.094+01:00","Consumer"
"DF-13135","David","Flashing","UNITED STATES","0","0","0","3","data/silver/","2025-11-06T00:17:45.094+01:00","Consumer"
"EB-13930","Eric","Barreto","UNITED STATES","0","1","1","5","data/silver/","2025-11-06T00:17:45.094+01:00","Consumer"
"MM-17920","Michael","Moore","UNITED STATES","2","3","4","10","data/silver/","2025-11-06T00:17:45.094+01:00","Consumer"
"KW-16570","Kelly","Williams","UNITED STATES","0","0","0","4","data/silver/","2025-11-06T00:17:45.094+01:00","Consumer"
"JC-15340","Jasper","Cacioppo","UNITED STATES","0","1","1","4","data/silver/","2025-11-06T00:17:45.094+01:00","Consumer"
"GW-14605","Giulietta","Weimer","UNITED STATES","1","2","2","7","data/silver/","2025-11-06T00:17:45.094+01:00","Consumer"
"JK-16090","Juliana","Krohn","UNITED STATES","1","2","2","3","data/silver/","2025-11-06T00:17:45.094+01:00","Consumer"
"KM-16720","Kunst","Miller","UNITED STATES","1","1","1","8","data/silver/","2025-11-06T00:17:45.094+01:00","Consumer"
"MC-18100","Mick","Crebagga","UNITED STATES","0","3","3","10","data/silver/","2025-11-06T00:17:45.094+01:00","Consumer"
"NC-18415","Nathan","Cano","UNITED STATES","0","1","1","6","data/silver/","2025-11-06T00:17:45.094+01:00","Consumer"
"TP-21130","Theone","Pippenger","UNITED STATES","2","2","3","9","data/silver/","2025-11-06T00:17:45.094+01:00","Consumer"
"JL-15130","Jack","Lebron","UNITED STATES","1","1","3","6","data/silver/","2025-11-06T00:17:45.094+01:00","Consumer"
"LR-16915","Lena","Radford","UNITED STATES","1","1","1","6","data/silver/","2025-11-06T00:17:45.094+01:00","Consumer"
"TB-21400","Tom","Boeckenhauer","UNITED STATES","0","0","2","6","data/silver/","2025-11-06T00:17:45.094+01:00","Consumer"
"DB-13210","Dean","Braden","UNITED STATES","2","3","3","10","data/silver/","2025-11-06T00:17:45.094+01:00","Consumer"
"LC-17140","Logan","Currie","UNITED STATES","2","4","4","9","data/silver/","2025-11-06T00:17:45.094+01:00","Consumer"
"JB-16000","Joy","Bell-","UNITED STATES","0","4","5","7","data/silver/","2025-11-06T00:17:45.094+01:00","Consumer"
"GT-14710","Greg","Tran","UNITED STATES","0","2","4","11","data/silver/","2025-11-06T00:17:45.094+01:00","Consumer"
"CB-12025","Cassandra","Brandow","UNITED STATES","0","4","5","9","data/silver/","2025-11-06T00:17:45.094+01:00","Consumer"
"NW-18400","Natalie","Webber","UNITED STATES","0","1","1","7","data/silver/","2025-11-06T00:17:45.094+01:00","Consumer"
"AB-10105","Adrian","Barton","UNITED STATES","0","3","5","10","data/silver/","2025-11-06T00:17:45.094+01:00","Consumer"
"AM-10705","Anne","McFarland","UNITED STATES","0","1","3","8","data/silver/","2025-11-06T00:17:45.094+01:00","Consumer"
"TB-21055","Ted","Butterfield","UNITED STATES","0","1","2","4","data/silver/","2025-11-06T00:17:45.094+01:00","Consumer"
"SS-20875","Sung","Shariari","UNITED STATES","0","1","1","5","data/silver/","2025-11-06T00:17:45.094+01:00","Consumer"
"VM-21835","Vivian","Mathis","UNITED STATES","0","1","1","5","data/silver/","2025-11-06T00:17:45.094+01:00","Consumer"
"SW-20275","Scott","Williamson","UNITED STATES","1","3","4","6","data/silver/","2025-11-06T00:17:45.094+01:00","Consumer"
"MJ-17740","Max","Jones","UNITED STATES","1","1","2","7","data/silver/","2025-11-06T00:17:45.094+01:00","Consumer"
"KD-16345","Katherine","Ducich","UNITED STATES","0","1","2","6","data/silver/","2025-11-06T00:17:45.094+01:00","Consumer"
"SF-20200","Sarah","Foster","UNITED STATES","0","3","3","9","data/silver/","2025-11-06T00:17:45.094+01:00","Consumer"
"AF-10885","Art","Foster","UNITED STATES","0","0","0","4","data/silver/","2025-11-06T00:17:45.094+01:00","Consumer"
"ES-14020","Erica","Smith","UNITED STATES","0","2","2","5","data/silver/","2025-11-06T00:17:45.094+01:00","Consumer"
"PB-19105","Peter","Bühler","UNITED STATES","0","2","2","4","data/silver/","2025-11-06T00:17:45.094+01:00","Consumer"
"TG-21640","Trudy","Glocke","UNITED STATES","0","1","1","4","data/silver/","2025-11-06T00:17:45.094+01:00","Consumer"
"SK-19990","Sally","Knutson","UNITED STATES","1","1","2","3","data/silver/","2025-11-06T00:17:45.094+01:00","Consumer"
"AH-10210","Alan","Hwang","UNITED STATES","1","4","5","9","data/silver/","2025-11-06T00:17:45.094+01:00","Consumer"
"JR-15700","Jocasta","Rupert","UNITED STATES","0","1","1","1","data/silver/","2025-11-06T00:17:45.094+01:00","Consumer"
"RB-19330","Randy","Bradley","UNITED STATES","0","1","1","2","data/silver/","2025-11-06T00:17:45.094+01:00","Consumer"
"GA-14725","Guy","Armstrong","UNITED STATES","1","3","5","11","data/silver/","2025-11-06T00:17:45.094+01:00","Consumer"
"NP-18325","Naresj","Patel","UNITED STATES","1","1","1","6","data/silver/","2025-11-06T00:17:45.094+01:00","Consumer"
"AB-10165","Alan","Barnes","UNITED STATES","1","2","4","8","data/silver/","2025-11-06T00:17:45.094+01:00","Consumer"
"JF-15415","Jennifer","Ferguson","UNITED STATES","1","2","2","5","data/silver/","2025-11-06T00:17:45.094+01:00","Consumer"
"NP-18670","Nora","Paige","UNITED STATES","0","2","2","5","data/silver/","2025-11-06T00:17:45.094+01:00","Consumer"
"CA-12775","Cynthia","Arntzen","UNITED STATES","0","1","2","7","data/silver/","2025-11-06T00:17:45.094+01:00","Consumer"
"JF-15190","Jamie","Frazer","UNITED STATES","0","2","4","6","data/silver/","2025-11-06T00:17:45.094+01:00","Consumer"
"SC-20725","Steven","Cartwright","UNITED STATES","0","0","3","11","data/silver/","2025-11-06T00:17:45.094+01:00","Consumer"
"ND-18370","Natalie","DeCherney","UNITED STATES","1","2","4","9","data/silver/","2025-11-06T00:17:45.094+01:00","Consumer"
"CM-12160","Charles","McCrossin","UNITED STATES","1","4","4","6","data/silver/","2025-11-06T00:17:45.094+01:00","Consumer"
"BT-11680","Brian","Thompson","UNITED STATES","1","2","2","7","data/silver/","2025-11-06T00:17:45.094+01:00","Consumer"
"TB-21280","Toby","Braunhardt","UNITED STATES","0","0","0","6","data/silver/","2025-11-06T00:17:45.094+01:00","Consumer"
"SV-20785","Stewart","Visinsky","UNITED STATES","0","0","1","9","data/silver/","2025-11-06T00:17:45.094+01:00","Consumer"
"CM-12235","Chris","McAfee","UNITED STATES","0","0","0","5","data/silver/","2025-11-06T00:17:45.094+01:00","Consumer"
"MS-17770","Maxwell","Schwartz","UNITED STATES","0","1","1","9","data/silver/","2025-11-06T00:17:45.094+01:00","Consumer"
"AF-10870","Art","Ferguson","UNITED STATES","0","2","3","7","data/silver/","2025-11-06T00:17:45.094+01:00","Consumer"
"IL-15100","Ivan","Liston","UNITED STATES","0","1","1","7","data/silver/","2025-11-06T00:17:45.094+01:00","Consumer"
"PG-18820","Patrick","Gardner","UNITED STATES","0","3","3","13","data/silver/","2025-11-06T00:17:45.094+01:00","Consumer"
"IM-15070","Irene","Maddox","UNITED STATES","0","0","0","7","data/silver/","2025-11-06T00:17:45.094+01:00","Consumer"
"MS-17710","Maurice","Satty","UNITED STATES","0","0","0","6","data/silver/","2025-11-06T00:17:45.094+01:00","Consumer"
"TS-21340","Toby","Swindell","UNITED STATES","0","0","1","5","data/silver/","2025-11-06T00:17:45.094+01:00","Consumer"
"EG-13900","Emily","Grady","UNITED STATES","1","2","3","5","data/silver/","2025-11-06T00:17:45.094+01:00","Consumer"
"AR-10540","Andy","Reiter","UNITED STATES","1","1","2","6","data/silver/","2025-11-06T00:17:45.094+01:00","Consumer"
"NM-18520","Neoma","Murray","UNITED STATES","0","0","1","10","data/silver/","2025-11-06T00:17:45.094+01:00","Consumer"
"BD-11770","Bryan","Davis","UNITED STATES","0","0","2","6","data/silver/","2025-11-06T00:17:45.094+01:00","Consumer"
"DD-13570","Dorothy","Dickinson","UNITED STATES","0","2","3","6","data/silver/","2025-11-06T00:17:45.094+01:00","Consumer"
"MH-17455","Mark","Hamilton","UNITED STATES","0","1","2","7","data/silver/","2025-11-06T00:17:45.094+01:00","Consumer"
"JC-15775","John","Castell","UNITED STATES","0","1","5","9","data/silver/","2025-11-06T00:17:45.094+01:00","Consumer"
"MT-17815","Meg","Tillman","UNITED STATES","0","1","2","6","data/silver/","2025-11-06T00:17:45.094+01:00","Consumer"
"MS-17530","MaryBeth","Skach","UNITED STATES","0","0","0","4","data/silver/","2025-11-06T00:17:45.094+01:00","Consumer"
"CS-12460","Chuck","Sachs","UNITED STATES","1","2","2","2","data/silver/","2025-11-06T00:17:45.094+01:00","Consumer"
"SM-20005","Sally","Matthias","UNITED STATES","0","0","0","4","data/silver/","2025-11-06T00:17:45.094+01:00","Consumer"
"RB-19360","Raymond","Buch","UNITED STATES","0","2","3","6","data/silver/","2025-11-06T00:17:45.094+01:00","Consumer"
"MH-18025","Michelle","Huthwaite","UNITED STATES","0","2","3","5","data/silver/","2025-11-06T00:17:45.094+01:00","Consumer"
"DP-13000","Darren","Powers","UNITED STATES","0","1","3","8","data/silver/","2025-11-06T00:17:45.094+01:00","Consumer"
"OT-18730","Olvera","Toch","UNITED STATES","0","1","2","5","data/silver/","2025-11-06T00:17:45.094+01:00","Consumer"
"TT-21220","Thomas","Thornton","UNITED STATES","0","0","2","8","data/silver/","2025-11-06T00:17:45.094+01:00","Consumer"
"AR-10510","Andrew","Roberts","UNITED STATES","1","1","1","5","data/silver/","2025-11-06T00:17:45.094+01:00","Consumer"
"HM-14980","Henry","MacAllister","UNITED STATES","0","0","2","4","data/silver/","2025-11-06T00:17:45.094+01:00","Consumer"
"RP-19390","Resi","Pölking","UNITED STATES","0","1","2","12","data/silver/","2025-11-06T00:17:45.094+01:00","Consumer"
"CK-12205","Chloris","Kastensmidt","UNITED STATES","0","3","4","13","data/silver/","2025-11-06T00:17:45.094+01:00","Consumer"
"VG-21790","Vivek","Gonzalez","UNITED STATES","0","2","3","6","data/silver/","2025-11-06T00:17:45.094+01:00","Consumer"
"GM-14680","Greg","Matthias","UNITED STATES","0","1","1","6","data/silver/","2025-11-06T00:17:45.094+01:00","Consumer"
"ZD-21925","Zuschuss","Donatelli","UNITED STATES","0","0","1","5","data/silver/","2025-11-06T00:17:45.094+01:00","Consumer"
"CC-12685","Craig","Carroll","UNITED STATES","0","0","0","4","data/silver/","2025-11-06T00:17:45.094+01:00","Consumer"
"BP-11230","Benjamin","Patterson","UNITED STATES","0","1","1","5","data/silver/","2025-11-06T00:17:45.094+01:00","Consumer"
"BE-11410","Bobby","Elias","UNITED STATES","0","1","2","5","data/silver/","2025-11-06T00:17:45.094+01:00","Consumer"
"SF-20065","Sandra","Flanagan","UNITED STATES","0","2","2","7","data/silver/","2025-11-06T00:17:45.094+01:00","Consumer"
"LS-17230","Lycoris","Saunders","UNITED STATES","0","0","0","3","data/silver/","2025-11-06T00:17:45.094+01:00","Consumer"
"AZ-10750","Annie","Zypern","UNITED STATES","0","1","1","6","data/silver/","2025-11-06T00:17:45.094+01:00","Consumer"
"CV-12295","Christina","VanderZanden","UNITED STATES","0","0","2","5","data/silver/","2025-11-06T00:17:45.094+01:00","Consumer"
"CM-12385","Christopher","Martinez","UNITED STATES","0","1","2","4","data/silver/","2025-11-06T00:17:45.094+01:00","Consumer"
"BW-11200","Ben","Wallace","UNITED STATES","0","0","2","6","data/silver/","2025-11-06T00:17:45.094+01:00","Consumer"
"SM-20905","Susan","MacKendrick","UNITED STATES","0","0","0","1","data/silver/","2025-11-06T00:17:45.094+01:00","Consumer"
"AC-10660","Anna","Chung","UNITED STATES","0","0","1","5","data/silver/","2025-11-06T00:17:45.094+01:00","Consumer"
"JD-16060","Julia","Dunbar","UNITED STATES","0","0","1","3","data/silver/","2025-11-06T00:17:45.094+01:00","Consumer"
"Co-12640","Corey-Lock","","UNITED STATES","0","0","0","5","data/silver/","2025-11-06T00:17:45.094+01:00","Consumer"
"PT-19090","Pete","Takahito","UNITED STATES","0","1","1","3","data/silver/","2025-11-06T00:17:45.094+01:00","Consumer"
"MD-17350","Maribeth","Dona","UNITED STATES","0","1","3","6","data/silver/","2025-11-06T00:17:45.094+01:00","Consumer"
"JK-15205","Jamie","Kunitz","UNITED STATES","0","1","1","4","data/silver/","2025-11-06T00:17:45.094+01:00","Consumer"
"TR-21325","Toby","Ritter","UNITED STATES","0","0","1","5","data/silver/","2025-11-06T00:17:45.094+01:00","Consumer"
"AS-10090","Adam","Shillingsburg","UNITED STATES","1","2","3","9","data/silver/","2025-11-06T00:17:45.094+01:00","Consumer"
"SO-20335","Sean","O'Donnell","UNITED STATES","1","2","4","6","data/silver/","2025-11-06T00:17:45.094+01:00","Consumer"
"SV-20365","Seth","Vernon","UNITED STATES","0","4","4","10","data/silver/","2025-11-06T00:17:45.094+01:00","Consumer"
"LH-17020","Lisa","Hazard","UNITED STATES","0","0","1","4","data/silver/","2025-11-06T00:17:45.094+01:00","Consumer"
"KT-16465","Kean","Takahito","UNITED STATES","0","0","0","7","data/silver/","2025-11-06T00:17:45.094+01:00","Consumer"
"JH-15430","Jennifer","Halladay","UNITED STATES","1","3","3","4","data/silver/","2025-11-06T00:17:45.094+01:00","Consumer"
"AG-10330","Alex","Grayson","UNITED STATES","4","4","4","5","data/silver/","2025-11-06T00:17:45.094+01:00","Consumer"
"LE-16810","Laurel","Elliston","UNITED STATES","1","1","2","6","data/silver/","2025-11-06T00:17:45.094+01:00","Consumer"
"JD-16015","Joy","Daniels","UNITED STATES","0","2","3","6","data/silver/","2025-11-06T00:17:45.094+01:00","Consumer"
"AP-10915","Arthur","Prichep","UNITED STATES","0","2","3","10","data/silver/","2025-11-06T00:17:45.094+01:00","Consumer"
"MC-17845","Michael","Chen","UNITED STATES","2","3","3","7","data/silver/","2025-11-06T00:17:45.094+01:00","Consumer"
"CT-11995","Carol","Triggs","UNITED STATES","0","1","3","8","data/silver/","2025-11-06T00:17:45.094+01:00","Consumer"
"ZC-21910","Zuschuss","Carroll","UNITED STATES","0","1","4","13","data/silver/","2025-11-06T00:17:45.094+01:00","Consumer"
"CS-11950","Carlos","Soltero","UNITED STATES","1","3","4","11","data/silver/","2025-11-06T00:17:45.094+01:00","Consumer"
"AG-10675","Anna","Gayman","UNITED STATES","0","3","4","7","data/silver/","2025-11-06T00:17:45.094+01:00","Consumer"
"JM-15580","Jill","Matthias","UNITED STATES","1","1","1","5","data/silver/","2025-11-06T00:17:45.094+01:00","Consumer"
"PJ-19015","Pauline","Johnson","UNITED STATES","0","1","3","6","data/silver/","2025-11-06T00:17:45.094+01:00","Consumer"
"JE-15475","Jeremy","Ellison","UNITED STATES","0","0","1","6","data/silver/","2025-11-06T00:17:45.094+01:00","Consumer"
"CD-11980","Carol","Darley","UNITED STATES","0","1","2","3","data/silver/","2025-11-06T00:17:45.094+01:00","Consumer"
"LW-17215","Luke","Weiss","UNITED STATES","1","2","3","7","data/silver/","2025-11-06T00:17:45.094+01:00","Consumer"
"MC-17275","Marc","Crier","UNITED STATES","0","1","1","8","data/silver/","2025-11-06T00:17:45.094+01:00","Consumer"
"EP-13915","Emily","Phan","UNITED STATES","2","7","9","17","data/silver/","2025-11-06T00:17:45.094+01:00","Consumer"
"CM-12190","Charlotte","Melton","UNITED STATES","1","3","3","6","data/silver/","2025-11-06T00:17:45.094+01:00","Consumer"
"SS-20410","Shahid","Shariari","UNITED STATES","0","2","2","6","data/silver/","2025-11-06T00:17:45.094+01:00","Consumer"
"LH-16900","Lena","Hernandez","UNITED STATES","1","2","2","9","data/silver/","2025-11-06T00:17:45.094+01:00","Consumer"
"AT-10735","Annie","Thurman","UNITED STATES","1","3","4","10","data/silver/","2025-11-06T00:17:45.094+01:00","Consumer"
"EB-13870","Emily","Burns","UNITED STATES","0","1","3","10","data/silver/","2025-11-06T00:17:45.094+01:00","Consumer"
"LP-17095","Liz","Preis","UNITED STATES","1","2","4","6","data/silver/","2025-11-06T00:17:45.094+01:00","Consumer"
"FM-14380","Fred","McMath","UNITED STATES","0","1","2","9","data/silver/","2025-11-06T00:17:45.094+01:00","Consumer"
"JM-15865","John","Murray","UNITED STATES","0","1","2","7","data/silver/","2025-11-06T00:17:45.094+01:00","Consumer"
"GA-14515","George","Ashbrook","UNITED STATES","0","1","2","5","data/silver/","2025-11-06T00:17:45.094+01:00","Consumer"
"KC-16540","Kelly","Collister","UNITED STATES","0","1","1","4","data/silver/","2025-11-06T00:17:45.094+01:00","Consumer"
"RD-19480","Rick","Duston","UNITED STATES","0","2","3","8","data/silver/","2025-11-06T00:17:45.094+01:00","Consumer"
"TH-21100","Thea","Hendricks","UNITED STATES","0","0","1","5","data/silver/","2025-11-06T00:17:45.094+01:00","Consumer"
"SC-20095","Sanjit","Chand","UNITED STATES","0","0","1","9","data/silver/","2025-11-06T00:17:45.094+01:00","Consumer"
"RH-19600","Rob","Haberlin","UNITED STATES","0","0","0","3","data/silver/","2025-11-06T00:17:45.094+01:00","Consumer"
"DL-13330","Denise","Leinenbach","UNITED STATES","0","1","1","4","data/silver/","2025-11-06T00:17:45.094+01:00","Consumer"
"DL-12925","Daniel","Lacy","UNITED STATES","0","1","1","6","data/silver/","2025-11-06T00:17:45.094+01:00","Consumer"
"BG-11740","Bruce","Geld","UNITED STATES","0","1","2","6","data/silver/","2025-11-06T00:17:45.094+01:00","Consumer"
"HA-14905","Helen","Abelman","UNITED STATES","0","2","2","7","data/silver/","2025-11-06T00:17:45.094+01:00","Consumer"
"JK-15625","Jim","Karlsson","UNITED STATES","0","1","1","7","data/silver/","2025-11-06T00:17:45.094+01:00","Consumer"
"SV-20935","Susan","Vittorini","UNITED STATES","3","4","5","8","data/silver/","2025-11-06T00:17:45.094+01:00","Consumer"
"ML-17410","Maris","LaWare","UNITED STATES","0","2","4","5","data/silver/","2025-11-06T00:17:45.094+01:00","Consumer"
"DW-13540","Don","Weiss","UNITED STATES","0","2","3","5","data/silver/","2025-11-06T00:17:45.094+01:00","Consumer"
"CR-12730","Craig","Reiter","UNITED STATES","0","1","1","4","data/silver/","2025-11-06T00:17:45.094+01:00","Consumer"
"AG-10390","Allen","Goldenen","UNITED STATES","0","1","1","5","data/silver/","2025-11-06T00:17:45.094+01:00","Consumer"
"JA-15970","Joseph","Airdo","UNITED STATES","0","3","5","8","data/silver/","2025-11-06T00:17:45.094+01:00","Consumer"
"MK-18160","Mike","Kennedy","UNITED STATES","0","0","2","4","data/silver/","2025-11-06T00:17:45.094+01:00","Consumer"
"CC-12370","Christopher","Conant","UNITED STATES","0","2","2","5","data/silver/","2025-11-06T00:17:45.094+01:00","Consumer"
"PF-19120","Peter","Fuller","UNITED STATES","0","0","0","4","data/silver/","2025-11-06T00:17:45.094+01:00","Consumer"
"LC-16870","Lena","Cacioppo","UNITED STATES","1","2","3","8","data/silver/","2025-11-06T00:17:45.094+01:00","Consumer"
"CM-12115","Chad","McGuire","UNITED STATES","1","2","3","4","data/silver/","2025-11-06T00:17:45.094+01:00","Consumer"
"SP-20920","Susan","Pistek","UNITED STATES","0","1","2","6","data/silver/","2025-11-06T00:17:45.094+01:00","Consumer"
"HA-14920","Helen","Andreada","UNITED STATES","1","2","2","8","data/silver/","2025-11-06T00:17:45.094+01:00","Consumer"
"PF-19165","Philip","Fox","UNITED STATES","0","0","1","6","data/silver/","2025-11-06T00:17:45.094+01:00","Consumer"
"PB-19150","Philip","Brown","UNITED STATES","0","1","1","8","data/silver/","2025-11-06T00:17:45.094+01:00","Consumer"
"LH-17155","Logan","Haushalter","UNITED STATES","0","0","0","9","data/silver/","2025-11-06T00:17:45.094+01:00","Consumer"
"PM-18940","Paul","MacIntyre","UNITED STATES","0","0","0","3","data/silver/","2025-11-06T00:17:45.094+01:00","Consumer"
"GH-14425","Gary","Hwang","UNITED STATES","0","1","1","4","data/silver/","2025-11-06T00:17:45.094+01:00","Consumer"
"CC-12475","Cindy","Chapman","UNITED STATES","0","4","4","9","data/silver/","2025-11-06T00:17:45.094+01:00","Consumer"
"HG-15025","Hunter","Glantz","UNITED STATES","1","2","3","7","data/silver/","2025-11-06T00:17:45.094+01:00","Consumer"
"GB-14575","Giulietta","Baptist","UNITED STATES","1","1","2","5","data/silver/","2025-11-06T00:17:45.094+01:00","Consumer"
"CA-12265","Christina","Anderson","UNITED STATES","0","4","4","8","data/silver/","2025-11-06T00:17:45.094+01:00","Consumer"
"LP-17080","Liz","Pelletier","UNITED STATES","0","1","2","4","data/silver/","2025-11-06T00:17:45.094+01:00","Consumer"
"AG-10900","Arthur","Gainer","UNITED STATES","0","2","3","10","data/silver/","2025-11-06T00:17:45.094+01:00","Consumer"
"MW-18220","Mitch","Webber","UNITED STATES","1","1","1","7","data/silver/","2025-11-06T00:17:45.094+01:00","Consumer"
"CD-11920","Carlos","Daly","UNITED STATES","0","1","2","5","data/silver/","2025-11-06T00:17:45.094+01:00","Consumer"
"BP-11155","Becky","Pak","UNITED STATES","0","2","4","6","data/silver/","2025-11-06T00:17:45.094+01:00","Consumer"
"NF-18385","Natalie","Fritzler","UNITED STATES","0","2","2","6","data/silver/","2025-11-06T00:17:45.094+01:00","Consumer"
"AA-10480","Andrew","Allen","UNITED STATES","0","0","1","4","data/silver/","2025-11-06T00:17:45.094+01:00","Consumer"
"SC-20380","Shahid","Collister","UNITED STATES","1","2","5","9","data/silver/","2025-11-06T00:17:45.094+01:00","Consumer"
"TC-21295","Toby","Carlisle","UNITED STATES","1","4","5","8","data/silver/","2025-11-06T00:17:45.094+01:00","Consumer"
"CK-12595","Clytie","Kelty","UNITED STATES","0","2","4","11","data/silver/","2025-11-06T00:17:45.094+01:00","Consumer"
"SC-20800","Stuart","Calhoun","UNITED STATES","1","1","2","4","data/silver/","2025-11-06T00:17:45.094+01:00","Consumer"
"LD-17005","Lisa","DeCherney","UNITED STATES","0","0","0","4","data/silver/","2025-11-06T00:17:45.094+01:00","Consumer"
"RC-19825","Roy","Collins","UNITED STATES","0","0","0","6","data/silver/","2025-11-06T00:17:45.094+01:00","Consumer"
"JO-15280","Jas","O'Carroll","UNITED STATES","0","1","1","6","data/silver/","2025-11-06T00:17:45.094+01:00","Consumer"
"JR-15670","Jim","Radford","UNITED STATES","0","0","0","2","data/silver/","2025-11-06T00:17:45.094+01:00","Consumer"
"KL-16645","Ken","Lonsdale","UNITED STATES","0","1","3","12","data/silver/","2025-11-06T00:17:45.094+01:00","Consumer"
"EB-14170","Evan","Bailliet","UNITED STATES","0","1","1","6","data/silver/","2025-11-06T00:17:45.094+01:00","Consumer"
"JH-15820","John","Huston","UNITED STATES","0","1","2","6","data/silver/","2025-11-06T00:17:45.094+01:00","Consumer"
"JL-15505","Jeremy","Lonsdale","UNITED STATES","0","2","3","6","data/silver/","2025-11-06T00:17:45.094+01:00","Consumer"
"CJ-12010","Caroline","Jumper","UNITED STATES","0","0","4","8","data/silver/","2025-11-06T00:17:45.094+01:00","Consumer"
"TB-21625","Trudy","Brown","UNITED STATES","1","2","3","9","data/silver/","2025-11-06T00:17:45.094+01:00","Consumer"
"TP-21415","Tom","Prescott","UNITED STATES","0","2","3","5","data/silver/","2025-11-06T00:17:45.094+01:00","Consumer"
"JW-16075","Julia","West","UNITED STATES","0","0","0","4","data/silver/","2025-11-06T00:17:45.094+01:00","Consumer"
"EH-13945","Eric","Hoffmann","UNITED STATES","0","0","2","8","data/silver/","2025-11-06T00:17:45.094+01:00","Consumer"
"BD-11620","Brian","DeCherney","UNITED STATES","0","1","2","6","data/silver/","2025-11-06T00:17:45.094+01:00","Consumer"
"AA-10645","Anna","Andreadi","UNITED STATES","0","1","1","6","data/silver/","2025-11-06T00:17:45.094+01:00","Consumer"
"JF-15355","Jay","Fein","UNITED STATES","0","2","4","6","data/silver/","2025-11-06T00:17:45.094+01:00","Consumer"
"MB-18085","Mick","Brown","UNITED STATES","0","1","3","7","data/silver/","2025-11-06T00:17:45.094+01:00","Consumer"
"JC-15385","Jenna","Caffey","UNITED STATES","0","1","1","1","data/silver/","2025-11-06T00:17:45.094+01:00","Consumer"
"FO-14305","Frank","Olsen","UNITED STATES","0","2","4","10","data/silver/","2025-11-06T00:17:45.094+01:00","Consumer"
"SH-20395","Shahid","Hopkins","UNITED STATES","1","3","6","10","data/silver/","2025-11-06T00:17:45.094+01:00","Consumer"
"BD-11320","Bill","Donatelli","UNITED STATES","0","2","4","12","data/silver/","2025-11-06T00:17:45.094+01:00","Consumer"
"RC-19960","Ryan","Crowe","UNITED STATES","0","1","1","4","data/silver/","2025-11-06T00:17:45.094+01:00","Consumer"
"AR-10570","Anemone","Ratner","UNITED STATES","0","0","0","1","data/silver/","2025-11-06T00:17:45.094+01:00","Consumer"
"RH-19495","Rick","Hansen","UNITED STATES","0","3","3","5","data/silver/","2025-11-06T00:17:45.094+01:00","Consumer"
"TM-21490","Tony","Molinari","UNITED STATES","0","2","3","3","data/silver/","2025-11-06T00:17:45.094+01:00","Consumer"
"SC-20845","Sung","Chung","UNITED STATES","0","0","0","1","data/silver/","2025-11-06T00:17:45.094+01:00","Consumer"
"AG-10270","Alejandro","Grove","UNITED STATES","0","0","1","5","data/silver/","2025-11-06T00:17:45.094+01:00","Consumer"
"SC-20020","Sam","Craven","UNITED STATES","0","0","0","5","data/silver/","2025-11-06T00:17:45.094+01:00","Consumer"
"AH-10465","Amy","Hunt","UNITED STATES","0","0","2","5","data/silver/","2025-11-06T00:17:45.094+01:00","Consumer"
"KH-16360","Katherine","Hughes","UNITED STATES","1","1","2","6","data/silver/","2025-11-06T00:17:45.094+01:00","Consumer"
"AS-10240","Alan","Shonely","UNITED STATES","0","0","1","5","data/silver/","2025-11-06T00:17:45.094+01:00","Consumer"
"SB-20170","Sarah","Bern","UNITED STATES","0","0","2","3","data/silver/","2025-11-06T00:17:45.094+01:00","Consumer"
"LH-16750","Larry","Hughes","UNITED STATES","0","1","2","3","data/silver/","2025-11-06T00:17:45.094+01:00","Consumer"
"JL-15850","John","Lucas","UNITED STATES","0","0","0","6","data/silver/","2025-11-06T00:17:45.094+01:00","Consumer"
"FH-14350","Fred","Harton","UNITED STATES","0","0","2","4","data/silver/","2025-11-06T00:17:45.094+01:00","Consumer"
"CG-12520","Claire","Gute","UNITED STATES","0","0","1","3","data/silver/","2025-11-06T00:17:45.094+01:00","Consumer"
"BT-11440","Bobby","Trafton","UNITED STATES","0","0","0","4","data/silver/","2025-11-06T00:17:45.094+01:00","Consumer"
"BD-11635","Brian","Derr","UNITED STATES","1","1","1","3","data/silver/","2025-11-06T00:17:45.094+01:00","Consumer"
"RM-19750","Roland","Murray","UNITED STATES","0","0","1","1","data/silver/","2025-11-06T00:17:45.094+01:00","Consumer"
"BO-11425","Bobby","Odegard","UNITED STATES","0","1","1","2","data/silver/","2025-11-06T00:17:45.094+01:00","Consumer"
"VS-21820","Vivek","Sundaresam","UNITED STATES","0","0","1","4","data/silver/","2025-11-06T00:17:45.094+01:00","Consumer"
"TS-21085","Thais","Sissman","UNITED STATES","0","0","1","2","data/silver/","2025-11-06T00:17:45.094+01:00","Consumer"
"FW-14395","Fred","Wasserman","UNITED STATES","0","0","1","3","data/silver/","2025-11-06T00:17:45.094+01:00","Corporate"
"VW-21775","Victoria","Wilson","UNITED STATES","1","2","3","10","data/silver/","2025-11-06T00:17:45.094+01:00","Corporate"
"SP-20620","Stefania","Perrino","UNITED STATES","0","4","4","9","data/silver/","2025-11-06T00:17:45.094+01:00","Corporate"
"AS-10225","Alan","Schoenberger","UNITED STATES","1","2","2","5","data/silver/","2025-11-06T00:17:45.094+01:00","Corporate"
"DM-13345","Denise","Monton","UNITED STATES","1","1","2","8","data/silver/","2025-11-06T00:17:45.094+01:00","Corporate"
"LC-16930","Linda","Cazamias","UNITED STATES","0","2","3","8","data/silver/","2025-11-06T00:17:45.094+01:00","Corporate"
"CA-12310","Christine","Abelman","UNITED STATES","2","2","2","4","data/silver/","2025-11-06T00:17:45.094+01:00","Corporate"
"BP-11185","Ben","Peterman","UNITED STATES","3","4","4","9","data/silver/","2025-11-06T00:17:45.094+01:00","Corporate"
"CA-11965","Carol","Adams","UNITED STATES","0","1","2","6","data/silver/","2025-11-06T00:17:45.094+01:00","Corporate"
"RS-19765","Roland","Schwarz","UNITED STATES","0","3","5","8","data/silver/","2025-11-06T00:17:45.094+01:00","Corporate"
"CS-12250","Chris","Selesnick","UNITED STATES","1","3","4","12","data/silver/","2025-11-06T00:17:45.094+01:00","Corporate"
"DK-12835","Damala","Kotsonis","UNITED STATES","1","4","5","12","data/silver/","2025-11-06T00:17:45.094+01:00","Corporate"
"EB-13750","Edward","Becker","UNITED STATES","0","2","3","10","data/silver/","2025-11-06T00:17:45.094+01:00","Corporate"
"MC-17590","Matt","Collister","UNITED STATES","0","1","1","6","data/silver/","2025-11-06T00:17:45.094+01:00","Corporate"
"SC-20440","Shaun","Chance","UNITED STATES","0","3","3","7","data/silver/","2025-11-06T00:17:45.094+01:00","Corporate"
"SC-20695","Steve","Chapman","UNITED STATES","0","2","2","10","data/silver/","2025-11-06T00:17:45.094+01:00","Corporate"
"MY-18295","Muhammed","Yedwab","UNITED STATES","0","2","3","10","data/silver/","2025-11-06T00:17:45.094+01:00","Corporate"
"JW-15220","Jane","Waco","UNITED STATES","0","4","4","6","data/silver/","2025-11-06T00:17:45.094+01:00","Corporate"
"KC-16675","Kimberly","Carter","UNITED STATES","0","1","2","4","data/silver/","2025-11-06T00:17:45.094+01:00","Corporate"
"Dl-13600","Dorris","liebe","UNITED STATES","0","1","2","5","data/silver/","2025-11-06T00:17:45.094+01:00","Corporate"
"JB-15400","Jennifer","Braxton","UNITED STATES","1","4","4","10","data/silver/","2025-11-06T00:17:45.094+01:00","Corporate"
"NB-18655","Nona","Balk","UNITED STATES","1","3","3","9","data/silver/","2025-11-06T00:17:45.094+01:00","Corporate"
"AS-10285","Alejandro","Savely","UNITED STATES","1","1","1","6","data/silver/","2025-11-06T00:17:45.094+01:00","Corporate"
"JG-15805","John","Grady","UNITED STATES","0","0","1","6","data/silver/","2025-11-06T00:17:45.094+01:00","Corporate"
"YS-21880","Yana","Sorensen","UNITED STATES","1","3","5","8","data/silver/","2025-11-06T00:17:45.094+01:00","Corporate"
"FH-14275","Frank","Hawley","UNITED STATES","0","4","6","10","data/silver/","2025-11-06T00:17:45.094+01:00","Corporate"
"ME-18010","Michelle","Ellison","UNITED STATES","0","1","1","4","data/silver/","2025-11-06T00:17:45.094+01:00","Corporate"
"DK-13225","Dean","Katz","UNITED STATES","1","1","2","9","data/silver/","2025-11-06T00:17:45.094+01:00","Corporate"
"ER-13855","Elpida","Rittenbach","UNITED STATES","0","0","0","3","data/silver/","2025-11-06T00:17:45.094+01:00","Corporate"
"RW-19540","Rick","Wilson","UNITED STATES","0","3","4","7","data/silver/","2025-11-06T00:17:45.094+01:00","Corporate"
"AR-10405","Allen","Rosenblatt","UNITED STATES","0","1","3","5","data/silver/","2025-11-06T00:17:45.094+01:00","Corporate"
"TB-21355","Todd","Boyes","UNITED STATES","0","1","2","5","data/silver/","2025-11-06T00:17:45.094+01:00","Corporate"
"HH-15010","Hilary","Holden","UNITED STATES","0","1","1","2","data/silver/","2025-11-06T00:17:45.094+01:00","Corporate"
"CY-12745","Craig","Yedwab","UNITED STATES","0","2","2","7","data/silver/","2025-11-06T00:17:45.094+01:00","Corporate"
"AR-10345","Alex","Russell","UNITED STATES","0","2","2","4","data/silver/","2025-11-06T00:17:45.094+01:00","Corporate"
"AJ-10780","Anthony","Jacobs","UNITED STATES","0","1","2","7","data/silver/","2025-11-06T00:17:45.094+01:00","Corporate"
"GT-14635","Grant","Thornton","UNITED STATES","0","1","1","3","data/silver/","2025-11-06T00:17:45.094+01:00","Corporate"
"EA-14035","Erin","Ashbrook","UNITED STATES","0","1","2","12","data/silver/","2025-11-06T00:17:45.094+01:00","Corporate"
"BS-11365","Bill","Shonely","UNITED STATES","0","0","0","5","data/silver/","2025-11-06T00:17:45.094+01:00","Corporate"
"NC-18625","Noah","Childs","UNITED STATES","0","0","2","5","data/silver/","2025-11-06T00:17:45.094+01:00","Corporate"
"LW-16825","Laurel","Workman","UNITED STATES","0","1","1","5","data/silver/","2025-11-06T00:17:45.094+01:00","Corporate"
"MC-17425","Mark","Cousins","UNITED STATES","0","0","0","5","data/silver/","2025-11-06T00:17:45.094+01:00","Corporate"
"MH-17785","Maya","Herman","UNITED STATES","0","1","1","7","data/silver/","2025-11-06T00:17:45.094+01:00","Corporate"
"FM-14215","Filia","McAdams","UNITED STATES","1","1","3","10","data/silver/","2025-11-06T00:17:45.094+01:00","Corporate"
"SC-20260","Scott","Cohen","UNITED STATES","0","0","2","8","data/silver/","2025-11-06T00:17:45.094+01:00","Corporate"
"DK-13150","David","Kendrick","UNITED STATES","1","1","1","2","data/silver/","2025-11-06T00:17:45.094+01:00","Corporate"
"EM-13810","Eleni","McCrary","UNITED STATES","0","1","1","5","data/silver/","2025-11-06T00:17:45.094+01:00","Corporate"
"BB-10990","Barry","Blumstein","UNITED STATES","0","1","2","5","data/silver/","2025-11-06T00:17:45.094+01:00","Corporate"
"RR-19525","Rick","Reed","UNITED STATES","0","1","1","6","data/silver/","2025-11-06T00:17:45.094+01:00","Corporate"
"BF-11275","Beth","Fritzler","UNITED STATES","0","2","2","3","data/silver/","2025-11-06T00:17:45.094+01:00","Corporate"
"MG-18205","Mitch","Gastineau","UNITED STATES","0","0","1","1","data/silver/","2025-11-06T00:17:45.094+01:00","Corporate"
"TS-21160","Theresa","Swint","UNITED STATES","0","0","0","6","data/silver/","2025-11-06T00:17:45.094+01:00","Corporate"
"JK-15325","Jason","Klamczynski","UNITED STATES","0","0","1","3","data/silver/","2025-11-06T00:17:45.094+01:00","Corporate"
"EB-13840","Ellis","Ballard","UNITED STATES","0","1","1","4","data/silver/","2025-11-06T00:17:45.094+01:00","Corporate"
"DJ-13420","Denny","Joy","UNITED STATES","0","0","0","4","data/silver/","2025-11-06T00:17:45.094+01:00","Corporate"
"EB-13975","Erica","Bern","UNITED STATES","1","1","1","4","data/silver/","2025-11-06T00:17:45.094+01:00","Corporate"
"GM-14695","Greg","Maxwell","UNITED STATES","0","1","1","3","data/silver/","2025-11-06T00:17:45.094+01:00","Corporate"
"HW-14935","Helen","Wasserman","UNITED STATES","0","2","4","7","data/silver/","2025-11-06T00:17:45.094+01:00","Corporate"
"SF-20965","Sylvia","Foulston","UNITED STATES","0","3","3","9","data/silver/","2025-11-06T00:17:45.094+01:00","Corporate"
"DJ-13510","Don","Jones","UNITED STATES","0","3","6","8","data/silver/","2025-11-06T00:17:45.094+01:00","Corporate"
"SC-20770","Stewart","Carmichael","UNITED STATES","0","1","2","7","data/silver/","2025-11-06T00:17:45.094+01:00","Corporate"
"NC-18535","Nick","Crebassa","UNITED STATES","2","3","4","7","data/silver/","2025-11-06T00:17:45.094+01:00","Corporate"
"MY-17380","Maribeth","Yedwab","UNITED STATES","1","4","5","7","data/silver/","2025-11-06T00:17:45.094+01:00","Corporate"
"KD-16495","Keith","Dawkins","UNITED STATES","0","2","4","12","data/silver/","2025-11-06T00:17:45.094+01:00","Corporate"
"SB-20290","Sean","Braxton","UNITED STATES","0","2","2","7","data/silver/","2025-11-06T00:17:45.094+01:00","Corporate"
"PJ-18835","Patrick","Jones","UNITED STATES","0","2","3","8","data/silver/","2025-11-06T00:17:45.094+01:00","Corporate"
"SM-20950","Suzanne","McNair","UNITED STATES","1","2","3","11","data/silver/","2025-11-06T00:17:45.094+01:00","Corporate"
"RP-19855","Roy","Phan","UNITED STATES","1","1","2","7","data/silver/","2025-11-06T00:17:45.094+01:00","Corporate"
"ES-14080","Erin","Smith","UNITED STATES","1","2","3","9","data/silver/","2025-11-06T00:17:45.094+01:00","Corporate"
"TH-21235","Tiffany","House","UNITED STATES","0","1","3","8","data/silver/","2025-11-06T00:17:45.094+01:00","Corporate"
"KH-16630","Ken","Heidel","UNITED STATES","0","4","4","9","data/silver/","2025-11-06T00:17:45.094+01:00","Corporate"
"AY-10555","Andy","Yotov","UNITED STATES","1","1","1","4","data/silver/","2025-11-06T00:17:45.094+01:00","Corporate"
"JM-15265","Janet","Molinari","UNITED STATES","0","1","1","5","data/silver/","2025-11-06T00:17:45.094+01:00","Corporate"
"BM-11575","Brendan","Murry","UNITED STATES","0","1","3","6","data/silver/","2025-11-06T00:17:45.094+01:00","Corporate"
"HR-14830","Harold","Ryan","UNITED STATES","0","1","2","7","data/silver/","2025-11-06T00:17:45.094+01:00","Corporate"
"DM-12955","Dario","Medina","UNITED STATES","0","1","1","7","data/silver/","2025-11-06T00:17:45.094+01:00","Corporate"
"BF-11020","Barry","Französisch","UNITED STATES","0","3","4","8","data/silver/","2025-11-06T00:17:45.094+01:00","Corporate"
"GD-14590","Giulietta","Dortch","UNITED STATES","1","1","2","4","data/silver/","2025-11-06T00:17:45.094+01:00","Corporate"
"BF-10975","Barbara","Fisher","UNITED STATES","0","1","1","7","data/silver/","2025-11-06T00:17:45.094+01:00","Corporate"
"DB-13555","Dorothy","Badders","UNITED STATES","0","2","4","7","data/silver/","2025-11-06T00:17:45.094+01:00","Corporate"
"RW-19630","Rob","Williams","UNITED STATES","0","1","2","9","data/silver/","2025-11-06T00:17:45.094+01:00","Corporate"
"CS-11845","Cari","Sayre","UNITED STATES","0","1","2","5","data/silver/","2025-11-06T00:17:45.094+01:00","Corporate"
"MM-18280","Muhammed","MacIntyre","UNITED STATES","0","2","3","9","data/silver/","2025-11-06T00:17:45.094+01:00","Corporate"
"EM-14095","Eudokia","Martin","UNITED STATES","0","1","1","4","data/silver/","2025-11-06T00:17:45.094+01:00","Corporate"
"KB-16585","Ken","Black","UNITED STATES","0","0","2","12","data/silver/","2025-11-06T00:17:45.094+01:00","Corporate"
"GB-14530","George","Bell","UNITED STATES","0","1","2","11","data/silver/","2025-11-06T00:17:45.094+01:00","Corporate"
"JE-16165","Justin","Ellison","UNITED STATES","1","2","2","3","data/silver/","2025-11-06T00:17:45.094+01:00","Corporate"
"AS-10045","Aaron","Smayling","UNITED STATES","0","3","4","7","data/silver/","2025-11-06T00:17:45.094+01:00","Corporate"
"BS-11590","Brendan","Sweed","UNITED STATES","0","1","1","6","data/silver/","2025-11-06T00:17:45.094+01:00","Corporate"
"MD-17860","Michael","Dominguez","UNITED STATES","0","3","4","5","data/silver/","2025-11-06T00:17:45.094+01:00","Corporate"
"KN-16450","Kean","Nguyen","UNITED STATES","0","1","1","5","data/silver/","2025-11-06T00:17:45.094+01:00","Corporate"
"AB-10600","Ann","Blume","UNITED STATES","0","1","1","4","data/silver/","2025-11-06T00:17:45.094+01:00","Corporate"
"ML-18040","Michelle","Lonsdale","UNITED STATES","0","1","3","3","data/silver/","2025-11-06T00:17:45.094+01:00","Corporate"
"SP-20650","Stephanie","Phelps","UNITED STATES","0","0","0","9","data/silver/","2025-11-06T00:17:45.094+01:00","Corporate"
"TP-21565","Tracy","Poddar","UNITED STATES","0","0","1","4","data/silver/","2025-11-06T00:17:45.094+01:00","Corporate"
"JR-16210","Justin","Ritter","UNITED STATES","0","2","2","5","data/silver/","2025-11-06T00:17:45.094+01:00","Corporate"
"ON-18715","Odella","Nelson","UNITED STATES","0","0","0","9","data/silver/","2025-11-06T00:17:45.094+01:00","Corporate"
"DL-13495","Dionis","Lloyd","UNITED STATES","0","3","4","8","data/silver/","2025-11-06T00:17:45.094+01:00","Corporate"
"CC-12610","Corey","Catlett","UNITED STATES","0","1","1","7","data/silver/","2025-11-06T00:17:45.094+01:00","Corporate"
"LS-17200","Luke","Schmidt","UNITED STATES","0","2","3","6","data/silver/","2025-11-06T00:17:45.094+01:00","Corporate"
"MW-18235","Mitch","Willingham","UNITED STATES","0","1","1","2","data/silver/","2025-11-06T00:17:45.094+01:00","Corporate"
"HK-14890","Heather","Kirkland","UNITED STATES","0","1","3","8","data/silver/","2025-11-06T00:17:45.094+01:00","Corporate"
"FC-14335","Fred","Chung","UNITED STATES","0","0","2","7","data/silver/","2025-11-06T00:17:45.094+01:00","Corporate"
"JP-15460","Jennifer","Patt","UNITED STATES","0","1","2","7","data/silver/","2025-11-06T00:17:45.094+01:00","Corporate"
"DB-12970","Darren","Budd","UNITED STATES","0","0","1","4","data/silver/","2025-11-06T00:17:45.094+01:00","Corporate"
"SW-20755","Steven","Ward","UNITED STATES","0","0","0","2","data/silver/","2025-11-06T00:17:45.094+01:00","Corporate"
"HE-14800","Harold","Engle","UNITED STATES","1","2","2","3","data/silver/","2025-11-06T00:17:45.094+01:00","Corporate"
"LD-16855","Lela","Donovan","UNITED STATES","0","0","0","1","data/silver/","2025-11-06T00:17:45.094+01:00","Corporate"
"TT-21265","Tim","Taslimi","UNITED STATES","0","0","0","3","data/silver/","2025-11-06T00:17:45.094+01:00","Corporate"
"VP-21760","Victoria","Pisteka","UNITED STATES","0","1","1","7","data/silver/","2025-11-06T00:17:45.094+01:00","Corporate"
"RA-19885","Ruben","Ausman","UNITED STATES","0","2","2","6","data/silver/","2025-11-06T00:17:45.094+01:00","Corporate"
"CM-12715","Craig","Molinari","UNITED STATES","0","0","0","4","data/silver/","2025-11-06T00:17:45.094+01:00","Corporate"
"TS-21205","Thomas","Seio","UNITED STATES","0","0","1","7","data/silver/","2025-11-06T00:17:45.094+01:00","Corporate"
"HG-14965","Henry","Goldwyn","UNITED STATES","1","2","3","12","data/silver/","2025-11-06T00:17:45.094+01:00","Corporate"
"JO-15145","Jack","O'Briant","UNITED STATES","0","2","3","9","data/silver/","2025-11-06T00:17:45.094+01:00","Corporate"
"CP-12340","Christine","Phan","UNITED STATES","0","1","2","7","data/silver/","2025-11-06T00:17:45.094+01:00","Corporate"
"YC-21895","Yoseph","Carroll","UNITED STATES","1","1","1","5","data/silver/","2025-11-06T00:17:45.094+01:00","Corporate"
"MZ-17515","Mary","Zewe","UNITED STATES","0","0","1","6","data/silver/","2025-11-06T00:17:45.094+01:00","Corporate"
"NH-18610","Nicole","Hansen","UNITED STATES","0","0","3","6","data/silver/","2025-11-06T00:17:45.094+01:00","Corporate"
"PB-19210","Phillip","Breyer","UNITED STATES","0","0","0","2","data/silver/","2025-11-06T00:17:45.094+01:00","Corporate"
"BN-11470","Brad","Norvell","UNITED STATES","1","1","2","4","data/silver/","2025-11-06T00:17:45.094+01:00","Corporate"
"GR-14560","Georgia","Rosenberg","UNITED STATES","0","0","0","2","data/silver/","2025-11-06T00:17:45.094+01:00","Corporate"
"LS-16945","Linda","Southworth","UNITED STATES","0","1","3","6","data/silver/","2025-11-06T00:17:45.094+01:00","Corporate"
"BO-11350","Bill","Overfelt","UNITED STATES","0","1","3","5","data/silver/","2025-11-06T00:17:45.094+01:00","Corporate"
"CJ-11875","Carl","Jackson","UNITED STATES","0","0","1","1","data/silver/","2025-11-06T00:17:45.094+01:00","Corporate"
"AR-10825","Anthony","Rawles","UNITED STATES","0","3","3","8","data/silver/","2025-11-06T00:17:45.094+01:00","Corporate"
"MK-17905","Michael","Kennedy","UNITED STATES","1","2","3","8","data/silver/","2025-11-06T00:17:45.094+01:00","Corporate"
"SH-19975","Sally","Hughsby","UNITED STATES","1","4","5","12","data/silver/","2025-11-06T00:17:45.094+01:00","Corporate"
"JE-15610","Jim","Epp","UNITED STATES","0","3","4","7","data/silver/","2025-11-06T00:17:45.094+01:00","Corporate"
"JD-16150","Justin","Deggeller","UNITED STATES","0","1","2","8","data/silver/","2025-11-06T00:17:45.094+01:00","Corporate"
"JM-15655","Jim","Mitchum","UNITED STATES","1","2","2","5","data/silver/","2025-11-06T00:17:45.094+01:00","Corporate"
"EH-13765","Edward","Hooks","UNITED STATES","0","1","2","10","data/silver/","2025-11-06T00:17:45.094+01:00","Corporate"
"TH-21115","Thea","Hudgings","UNITED STATES","0","1","1","4","data/silver/","2025-11-06T00:17:45.094+01:00","Corporate"
"NG-18355","Nat","Gilpin","UNITED STATES","0","2","3","5","data/silver/","2025-11-06T00:17:45.094+01:00","Corporate"
"SP-20860","Sung","Pak","UNITED STATES","0","2","3","10","data/silver/","2025-11-06T00:17:45.094+01:00","Corporate"
"BS-11380","Bill","Stewart","UNITED STATES","1","2","3","5","data/silver/","2025-11-06T00:17:45.094+01:00","Corporate"
"KC-16255","Karen","Carlisle","UNITED STATES","0","0","0","6","data/silver/","2025-11-06T00:17:45.094+01:00","Corporate"
"AH-10690","Anna","Häberlin","UNITED STATES","0","0","0","12","data/silver/","2025-11-06T00:17:45.094+01:00","Corporate"
"KB-16600","Ken","Brennan","UNITED STATES","2","3","3","7","data/silver/","2025-11-06T00:17:45.094+01:00","Corporate"
"TS-21430","Tom","Stivers","UNITED STATES","0","1","1","5","data/silver/","2025-11-06T00:17:45.094+01:00","Corporate"
"DW-13195","David","Wiener","UNITED STATES","0","2","2","6","data/silver/","2025-11-06T00:17:45.094+01:00","Corporate"
"FH-14365","Fred","Hopkins","UNITED STATES","1","4","4","8","data/silver/","2025-11-06T00:17:45.094+01:00","Corporate"
"PW-19030","Pauline","Webber","UNITED STATES","0","2","4","10","data/silver/","2025-11-06T00:17:45.094+01:00","Corporate"
"AH-10075","Adam","Hart","UNITED STATES","0","3","5","10","data/silver/","2025-11-06T00:17:45.094+01:00","Corporate"
"HM-14860","Harry","Marie","UNITED STATES","1","4","5","10","data/silver/","2025-11-06T00:17:45.094+01:00","Corporate"
"LO-17170","Lori","Olson","UNITED STATES","1","2","3","5","data/silver/","2025-11-06T00:17:45.094+01:00","Corporate"
"CP-12085","Cathy","Prescott","UNITED STATES","0","2","3","8","data/silver/","2025-11-06T00:17:45.094+01:00","Corporate"
"CV-12805","Cynthia","Voltz","UNITED STATES","1","2","7","9","data/silver/","2025-11-06T00:17:45.094+01:00","Corporate"
"JS-15685","Jim","Sink","UNITED STATES","0","1","1","3","data/silver/","2025-11-06T00:17:45.094+01:00","Corporate"
"SV-20815","Stuart","Van","UNITED STATES","0","1","1","4","data/silver/","2025-11-06T00:17:45.094+01:00","Corporate"
"KD-16615","Ken","Dana","UNITED STATES","0","0","2","4","data/silver/","2025-11-06T00:17:45.094+01:00","Corporate"
"CB-12535","Claudia","Bergmann","UNITED STATES","0","0","2","8","data/silver/","2025-11-06T00:17:45.094+01:00","Corporate"
"MS-17980","Michael","Stewart","UNITED STATES","1","1","1","6","data/silver/","2025-11-06T00:17:45.094+01:00","Corporate"
"MF-17665","Maureen","Fritzler","UNITED STATES","0","0","0","5","data/silver/","2025-11-06T00:17:45.094+01:00","Corporate"
"AG-10300","Aleksandra","Gannaway","UNITED STATES","0","1","1","4","data/silver/","2025-11-06T00:17:45.094+01:00","Corporate"
"SG-20890","Susan","Gilcrest","UNITED STATES","0","0","1","3","data/silver/","2025-11-06T00:17:45.094+01:00","Corporate"
"MP-17965","Michael","Paige","UNITED STATES","0","2","2","9","data/silver/","2025-11-06T00:17:45.094+01:00","Corporate"
"GH-14485","Gene","Hale","UNITED STATES","0","0","0","2","data/silver/","2025-11-06T00:17:45.094+01:00","Corporate"
"KL-16555","Kelly","Lampkin","UNITED STATES","1","3","4","8","data/silver/","2025-11-06T00:17:45.094+01:00","Corporate"
"KN-16390","Katherine","Nockton","UNITED STATES","1","3","5","8","data/silver/","2025-11-06T00:17:45.094+01:00","Corporate"
"BW-11110","Bart","Watters","UNITED STATES","0","1","3","8","data/silver/","2025-11-06T00:17:45.094+01:00","Corporate"
"BV-11245","Benjamin","Venier","UNITED STATES","0","0","1","5","data/silver/","2025-11-06T00:17:45.094+01:00","Corporate"
"CM-11815","Candace","McMahon","UNITED STATES","0","1","3","6","data/silver/","2025-11-06T00:17:45.094+01:00","Corporate"
"SH-20635","Stefanie","Holloman","UNITED STATES","0","0","0","2","data/silver/","2025-11-06T00:17:45.094+01:00","Corporate"
"BM-11650","Brian","Moss","UNITED STATES","0","3","5","11","data/silver/","2025-11-06T00:17:45.094+01:00","Corporate"
"BP-11050","Barry","Pond","UNITED STATES","0","1","2","5","data/silver/","2025-11-06T00:17:45.094+01:00","Corporate"
"LW-16990","Lindsay","Williams","UNITED STATES","0","2","5","6","data/silver/","2025-11-06T00:17:45.094+01:00","Corporate"
"MC-18130","Mike","Caudle","UNITED STATES","0","0","0","5","data/silver/","2025-11-06T00:17:45.094+01:00","Corporate"
"VG-21805","Vivek","Grady","UNITED STATES","0","0","0","4","data/silver/","2025-11-06T00:17:45.094+01:00","Corporate"
"CS-12175","Charles","Sheldon","UNITED STATES","0","0","2","5","data/silver/","2025-11-06T00:17:45.094+01:00","Corporate"
"MH-17440","Mark","Haberlin","UNITED STATES","0","0","0","4","data/silver/","2025-11-06T00:17:45.094+01:00","Corporate"
"SC-20230","Scot","Coram","UNITED STATES","0","1","1","4","data/silver/","2025-11-06T00:17:45.094+01:00","Corporate"
"CS-12490","Cindy","Schnelling","UNITED STATES","0","0","0","4","data/silver/","2025-11-06T00:17:45.094+01:00","Corporate"
"RP-19270","Rachel","Payne","UNITED STATES","0","0","0","4","data/silver/","2025-11-06T00:17:45.094+01:00","Corporate"
"DW-13585","Dorothy","Wardle","UNITED STATES","0","0","3","7","data/silver/","2025-11-06T00:17:45.094+01:00","Corporate"
"SP-20545","Sibella","Parks","UNITED STATES","0","0","1","6","data/silver/","2025-11-06T00:17:45.094+01:00","Corporate"
"KS-16300","Karen","Seio","UNITED STATES","0","0","1","3","data/silver/","2025-11-06T00:17:45.094+01:00","Corporate"
"EM-13825","Elizabeth","Moffitt","UNITED STATES","0","2","3","8","data/silver/","2025-11-06T00:17:45.094+01:00","Corporate"
"GK-14620","Grace","Kelly","UNITED STATES","0","1","1","9","data/silver/","2025-11-06T00:17:45.094+01:00","Corporate"
"ML-17395","Marina","Lichtenstein","UNITED STATES","0","1","2","9","data/silver/","2025-11-06T00:17:45.094+01:00","Corporate"
"PC-18745","Pamela","Coakley","UNITED STATES","1","1","1","4","data/silver/","2025-11-06T00:17:45.094+01:00","Corporate"
"LR-17035","Lisa","Ryan","UNITED STATES","0","2","2","5","data/silver/","2025-11-06T00:17:45.094+01:00","Corporate"
"KM-16225","Kalyca","Meade","UNITED STATES","2","3","3","6","data/silver/","2025-11-06T00:17:45.094+01:00","Corporate"
"GG-14650","Greg","Guthrie","UNITED STATES","0","3","4","9","data/silver/","2025-11-06T00:17:45.094+01:00","Corporate"
"TS-21370","Todd","Sumrall","UNITED STATES","0","2","3","6","data/silver/","2025-11-06T00:17:45.094+01:00","Corporate"
"DB-13120","David","Bremer","UNITED STATES","0","1","2","7","data/silver/","2025-11-06T00:17:45.094+01:00","Corporate"
"MC-17605","Matt","Connell","UNITED STATES","0","1","4","8","data/silver/","2025-11-06T00:17:45.094+01:00","Corporate"
"KE-16420","Katrina","Edelman","UNITED STATES","1","2","2","7","data/silver/","2025-11-06T00:17:45.094+01:00","Corporate"
"VB-21745","Victoria","Brennan","UNITED STATES","0","1","2","6","data/silver/","2025-11-06T00:17:45.094+01:00","Corporate"
"AH-10195","Alan","Haines","UNITED STATES","0","2","2","4","data/silver/","2025-11-06T00:17:45.094+01:00","Corporate"
"JS-15595","Jill","Stevenson","UNITED STATES","0","1","1","4","data/silver/","2025-11-06T00:17:45.094+01:00","Corporate"
"JD-15895","Jonathan","Doherty","UNITED STATES","0","0","0","11","data/silver/","2025-11-06T00:17:45.094+01:00","Corporate"
"DM-13525","Don","Miller","UNITED STATES","0","0","0","3","data/silver/","2025-11-06T00:17:45.094+01:00","Corporate"
"AM-10360","Alice","McCarthy","UNITED STATES","1","1","2","5","data/silver/","2025-11-06T00:17:45.094+01:00","Corporate"
"BB-11545","Brenda","Bowman","UNITED STATES","1","4","4","9","data/silver/","2025-11-06T00:17:45.094+01:00","Corporate"
"JG-15310","Jason","Gross","UNITED STATES","2","3","3","6","data/silver/","2025-11-06T00:17:45.094+01:00","Corporate"
"EB-13705","Ed","Braxton","UNITED STATES","0","2","3","9","data/silver/","2025-11-06T00:17:45.094+01:00","Corporate"
"DR-12880","Dan","Reichenbach","UNITED STATES","1","2","4","9","data/silver/","2025-11-06T00:17:45.094+01:00","Corporate"
"AC-10615","Ann","Chong","UNITED STATES","1","2","4","5","data/silver/","2025-11-06T00:17:45.094+01:00","Corporate"
"LA-16780","Laura","Armstrong","UNITED STATES","0","1","1","11","data/silver/","2025-11-06T00:17:45.094+01:00","Corporate"
"TB-21175","Thomas","Boland","UNITED STATES","0","1","1","4","data/silver/","2025-11-06T00:17:45.094+01:00","Corporate"
"BG-11695","Brooke","Gillingham","UNITED STATES","0","2","2","6","data/silver/","2025-11-06T00:17:45.094+01:00","Corporate"
"DV-13045","Darrin","Van","UNITED STATES","2","2","3","5","data/silver/","2025-11-06T00:17:45.094+01:00","Corporate"
"FA-14230","Frank","Atkinson","UNITED STATES","0","1","1","7","data/silver/","2025-11-06T00:17:45.094+01:00","Corporate"
"KB-16240","Karen","Bern","UNITED STATES","1","3","3","7","data/silver/","2025-11-06T00:17:45.094+01:00","Corporate"
"QJ-19255","Quincy","Jones","UNITED STATES","1","1","2","9","data/silver/","2025-11-06T00:17:45.094+01:00","Corporate"
"JC-16105","Julie","Creighton","UNITED STATES","0","2","2","5","data/silver/","2025-11-06T00:17:45.094+01:00","Corporate"
"SS-20140","Saphhira","Shifley","UNITED STATES","1","3","5","8","data/silver/","2025-11-06T00:17:45.094+01:00","Corporate"
"KH-16690","Kristen","Hastings","UNITED STATES","1","1","2","7","data/silver/","2025-11-06T00:17:45.094+01:00","Corporate"
"NS-18640","Noel","Staavos","UNITED STATES","0","1","3","12","data/silver/","2025-11-06T00:17:45.094+01:00","Corporate"
"BP-11095","Bart","Pistole","UNITED STATES","2","3","5","12","data/silver/","2025-11-06T00:17:45.094+01:00","Corporate"
"TC-21145","Theresa","Coyne","UNITED STATES","0","1","1","1","data/silver/","2025-11-06T00:17:45.094+01:00","Corporate"
"AH-10030","Aaron","Hawkins","UNITED STATES","1","1","1","7","data/silver/","2025-11-06T00:17:45.094+01:00","Corporate"
"ND-18460","Neil","Ducich","UNITED STATES","0","0","3","6","data/silver/","2025-11-06T00:17:45.094+01:00","Corporate"
"DP-13105","Dave","Poirier","UNITED STATES","2","3","4","8","data/silver/","2025-11-06T00:17:45.094+01:00","Corporate"
"RS-19420","Ricardo","Sperren","UNITED STATES","0","2","3","5","data/silver/","2025-11-06T00:17:45.094+01:00","Corporate"
"CK-12760","Cyma","Kinney","UNITED STATES","0","1","2","9","data/silver/","2025-11-06T00:17:45.094+01:00","Corporate"
"TC-20980","Tamara","Chand","UNITED STATES","0","0","0","5","data/silver/","2025-11-06T00:17:45.094+01:00","Corporate"
"MF-18250","Monica","Federle","UNITED STATES","1","1","1","5","data/silver/","2025-11-06T00:17:45.094+01:00","Corporate"
"KH-16330","Katharine","Harms","UNITED STATES","0","2","3","8","data/silver/","2025-11-06T00:17:45.094+01:00","Corporate"
"AG-10525","Andy","Gerbode","UNITED STATES","0","0","0","4","data/silver/","2025-11-06T00:17:45.094+01:00","Corporate"
"BT-11395","Bill","Tyler","UNITED STATES","0","0","1","6","data/silver/","2025-11-06T00:17:45.094+01:00","Corporate"
"AJ-10795","Anthony","Johnson","UNITED STATES","0","1","1","7","data/silver/","2025-11-06T00:17:45.094+01:00","Corporate"
"AG-10495","Andrew","Gjertsen","UNITED STATES","0","1","1","7","data/silver/","2025-11-06T00:17:45.094+01:00","Corporate"
"DS-13180","David","Smith","UNITED STATES","1","1","2","9","data/silver/","2025-11-06T00:17:45.094+01:00","Corporate"
"MH-17620","Matt","Hagelstein","UNITED STATES","0","1","1","4","data/silver/","2025-11-06T00:17:45.094+01:00","Corporate"
"AC-10420","Alyssa","Crouse","UNITED STATES","0","0","1","3","data/silver/","2025-11-06T00:17:45.094+01:00","Corporate"
"DG-13300","Deirdre","Greer","UNITED STATES","0","1","1","5","data/silver/","2025-11-06T00:17:45.094+01:00","Corporate"
"GZ-14545","George","Zrebassa","UNITED STATES","0","1","3","4","data/silver/","2025-11-06T00:17:45.094+01:00","Corporate"
"MC-17635","Matthew","Clasen","UNITED STATES","0","0","1","4","data/silver/","2025-11-06T00:17:45.094+01:00","Corporate"
"RF-19345","Randy","Ferguson","UNITED STATES","0","0","0","8","data/silver/","2025-11-06T00:17:45.094+01:00","Corporate"
"DH-13075","Dave","Hallsten","UNITED STATES","0","0","1","5","data/silver/","2025-11-06T00:17:45.094+01:00","Corporate"
"GP-14740","Guy","Phonely","UNITED STATES","0","0","0","2","data/silver/","2025-11-06T00:17:45.094+01:00","Corporate"
"NB-18580","Nicole","Brennan","UNITED STATES","0","0","0","2","data/silver/","2025-11-06T00:17:45.094+01:00","Corporate"
"RB-19645","Robert","Barroso","UNITED STATES","0","0","0","5","data/silver/","2025-11-06T00:17:45.094+01:00","Corporate"
"AO-10810","Anthony","O'Donnell","UNITED STATES","0","0","0","1","data/silver/","2025-11-06T00:17:45.094+01:00","Corporate"
"CC-12430","Chuck","Clark","UNITED STATES","1","3","4","10","data/silver/","2025-11-06T00:17:45.094+01:00","Home Office"
"PP-18955","Paul","Prost","UNITED STATES","0","1","2","10","data/silver/","2025-11-06T00:17:45.094+01:00","Home Office"
"DP-13390","Dennis","Pardue","UNITED STATES","0","0","2","9","data/silver/","2025-11-06T00:17:45.094+01:00","Home Office"
"LS-16975","Lindsay","Shagiari","UNITED STATES","1","3","3","9","data/silver/","2025-11-06T00:17:45.094+01:00","Home Office"
"AS-10135","Adrian","Shami","UNITED STATES","0","1","1","2","data/silver/","2025-11-06T00:17:45.094+01:00","Home Office"
"SR-20425","Sharelle","Roach","UNITED STATES","1","3","4","5","data/silver/","2025-11-06T00:17:45.094+01:00","Home Office"
"TA-21385","Tom","Ashbrook","UNITED STATES","0","1","2","4","data/silver/","2025-11-06T00:17:45.094+01:00","Home Office"
"FM-14290","Frank","Merwin","UNITED STATES","0","4","4","9","data/silver/","2025-11-06T00:17:45.094+01:00","Home Office"
"AD-10180","Alan","Dominguez","UNITED STATES","1","2","4","8","data/silver/","2025-11-06T00:17:45.094+01:00","Home Office"
"SC-20050","Sample","Company","UNITED STATES","0","3","4","9","data/silver/","2025-11-06T00:17:45.094+01:00","Home Office"
"BE-11335","Bill","Eplett","UNITED STATES","0","2","3","5","data/silver/","2025-11-06T00:17:45.094+01:00","Home Office"
"CR-12580","Clay","Rozendal","UNITED STATES","0","1","1","4","data/silver/","2025-11-06T00:17:45.094+01:00","Home Office"
"RD-19660","Robert","Dilbeck","UNITED STATES","0","1","1","4","data/silver/","2025-11-06T00:17:45.094+01:00","Home Office"
"NF-18595","Nicole","Fjeld","UNITED STATES","0","2","2","7","data/silver/","2025-11-06T00:17:45.094+01:00","Home Office"
"KN-16705","Kristina","Nunn","UNITED STATES","0","2","3","7","data/silver/","2025-11-06T00:17:45.094+01:00","Home Office"
"PO-19180","Philisse","Overcash","UNITED STATES","0","1","3","9","data/silver/","2025-11-06T00:17:45.094+01:00","Home Office"
"CA-12055","Cathy","Armstrong","UNITED STATES","0","0","0","5","data/silver/","2025-11-06T00:17:45.094+01:00","Home Office"
"NK-18490","Neil","Knudson","UNITED STATES","0","3","4","7","data/silver/","2025-11-06T00:17:45.094+01:00","Home Office"
"KM-16375","Katherine","Murray","UNITED STATES","0","1","2","8","data/silver/","2025-11-06T00:17:45.094+01:00","Home Office"
"CD-12790","Cynthia","Delaney","UNITED STATES","0","0","0","5","data/silver/","2025-11-06T00:17:45.094+01:00","Home Office"
"AS-10630","Ann","Steele","UNITED STATES","0","1","3","7","data/silver/","2025-11-06T00:17:45.094+01:00","Home Office"
"RS-19870","Roy","Skaria","UNITED STATES","1","1","1","2","data/silver/","2025-11-06T00:17:45.094+01:00","Home Office"
"BT-11485","Brad","Thomas","UNITED STATES","0","0","0","2","data/silver/","2025-11-06T00:17:45.094+01:00","Home Office"
"SM-20320","Sean","Miller","UNITED STATES","0","2","2","5","data/silver/","2025-11-06T00:17:45.094+01:00","Home Office"
"MG-17680","Maureen","Gastineau","UNITED STATES","0","1","2","4","data/silver/","2025-11-06T00:17:45.094+01:00","Home Office"
"DH-13675","Duane","Huffman","UNITED STATES","0","0","0","4","data/silver/","2025-11-06T00:17:45.094+01:00","Home Office"
"VF-21715","Vicky","Freymann","UNITED STATES","1","2","3","5","data/silver/","2025-11-06T00:17:45.094+01:00","Home Office"
"JS-15940","Joni","Sundaresam","UNITED STATES","0","0","0","5","data/silver/","2025-11-06T00:17:45.094+01:00","Home Office"
"TC-21535","Tracy","Collins","UNITED STATES","2","2","2","7","data/silver/","2025-11-06T00:17:45.094+01:00","Home Office"
"HR-14770","Hallie","Redmond","UNITED STATES","1","1","2","4","data/silver/","2025-11-06T00:17:45.094+01:00","Home Office"
"LC-16960","Lindsay","Castell","UNITED STATES","0","0","0","4","data/silver/","2025-11-06T00:17:45.094+01:00","Home Office"
"PL-18925","Paul","Lucas","UNITED STATES","1","1","3","5","data/silver/","2025-11-06T00:17:45.094+01:00","Home Office"
"MP-17470","Mark","Packer","UNITED STATES","0","0","0","6","data/silver/","2025-11-06T00:17:45.094+01:00","Home Office"
"DS-13030","Darrin","Sayre","UNITED STATES","0","1","3","4","data/silver/","2025-11-06T00:17:45.094+01:00","Home Office"
"BD-11560","Brendan","Dodson","UNITED STATES","0","0","1","2","data/silver/","2025-11-06T00:17:45.094+01:00","Home Office"
"BT-11530","Bradley","Talbott","UNITED STATES","0","1","2","5","data/silver/","2025-11-06T00:17:45.094+01:00","Home Office"
"JJ-15760","Joel","Jenkins","UNITED STATES","0","0","0","2","data/silver/","2025-11-06T00:17:45.094+01:00","Home Office"
"DA-13450","Dianna","Arnett","UNITED STATES","0","0","1","4","data/silver/","2025-11-06T00:17:45.094+01:00","Home Office"
"EL-13735","Ed","Ludwig","UNITED STATES","0","1","1","2","data/silver/","2025-11-06T00:17:45.094+01:00","Home Office"
"PC-19000","Pauline","Chand","UNITED STATES","0","0","0","2","data/silver/","2025-11-06T00:17:45.094+01:00","Home Office"
"SU-20665","Stephanie","Ulpright","UNITED STATES","1","2","3","7","data/silver/","2025-11-06T00:17:45.094+01:00","Home Office"
"AP-10720","Anne","Pryor","UNITED STATES","0","1","1","6","data/silver/","2025-11-06T00:17:45.094+01:00","Home Office"
"RB-19465","Rick","Bensley","UNITED STATES","2","3","4","12","data/silver/","2025-11-06T00:17:45.094+01:00","Home Office"
"DB-12910","Daniel","Byrd","UNITED STATES","2","3","4","8","data/silver/","2025-11-06T00:17:45.094+01:00","Home Office"
"ME-17320","Maria","Etezadi","UNITED STATES","0","3","5","10","data/silver/","2025-11-06T00:17:45.094+01:00","Home Office"
"PS-19045","Penelope","Sewall","UNITED STATES","0","0","3","7","data/silver/","2025-11-06T00:17:45.094+01:00","Home Office"
"MG-17650","Matthew","Grinstein","UNITED STATES","1","3","4","7","data/silver/","2025-11-06T00:17:45.094+01:00","Home Office"
"GH-14410","Gary","Hansen","UNITED STATES","0","1","4","9","data/silver/","2025-11-06T00:17:45.094+01:00","Home Office"
"EM-14140","Eugene","Moren","UNITED STATES","0","1","1","6","data/silver/","2025-11-06T00:17:45.094+01:00","Home Office"
"JK-16120","Julie","Kriz","UNITED STATES","0","1","3","10","data/silver/","2025-11-06T00:17:45.094+01:00","Home Office"
"MA-17560","Matt","Abelman","UNITED STATES","0","3","3","11","data/silver/","2025-11-06T00:17:45.094+01:00","Home Office"
"AW-10930","Arthur","Wiediger","UNITED STATES","0","2","2","7","data/silver/","2025-11-06T00:17:45.094+01:00","Home Office"
"LB-16795","Laurel","Beltran","UNITED STATES","0","1","2","8","data/silver/","2025-11-06T00:17:45.094+01:00","Home Office"
"Dp-13240","Dean","percer","UNITED STATES","0","5","6","11","data/silver/","2025-11-06T00:17:45.094+01:00","Home Office"
"HP-14815","Harold","Pawlan","UNITED STATES","1","1","2","7","data/silver/","2025-11-06T00:17:45.094+01:00","Home Office"
"PV-18985","Paul","Van","UNITED STATES","0","1","2","5","data/silver/","2025-11-06T00:17:45.094+01:00","Home Office"
"MO-17800","Meg","O'Connel","UNITED STATES","0","2","5","8","data/silver/","2025-11-06T00:17:45.094+01:00","Home Office"
"PA-19060","Pete","Armstrong","UNITED STATES","0","1","1","6","data/silver/","2025-11-06T00:17:45.094+01:00","Home Office"
"DB-13270","Deborah","Brumfield","UNITED STATES","0","1","2","8","data/silver/","2025-11-06T00:17:45.094+01:00","Home Office"
"TN-21040","Tanja","Norvell","UNITED STATES","0","1","1","7","data/silver/","2025-11-06T00:17:45.094+01:00","Home Office"
"MP-18175","Mike","Pelletier","UNITED STATES","1","2","3","8","data/silver/","2025-11-06T00:17:45.094+01:00","Home Office"
"SJ-20125","Sanjit","Jacobs","UNITED STATES","0","3","7","12","data/silver/","2025-11-06T00:17:45.094+01:00","Home Office"
"MG-17890","Michael","Granlund","UNITED STATES","0","2","5","9","data/silver/","2025-11-06T00:17:45.094+01:00","Home Office"
"CK-12325","Christine","Kargatis","UNITED STATES","0","1","2","5","data/silver/","2025-11-06T00:17:45.094+01:00","Home Office"
"EH-14125","Eugene","Hildebrand","UNITED STATES","0","1","3","10","data/silver/","2025-11-06T00:17:45.094+01:00","Home Office"
"RH-19510","Rick","Huthwaite","UNITED STATES","0","0","0","6","data/silver/","2025-11-06T00:17:45.094+01:00","Home Office"
"BS-11800","Bryan","Spruell","UNITED STATES","0","0","1","2","data/silver/","2025-11-06T00:17:45.094+01:00","Home Office"
"MR-17545","Mathew","Reese","UNITED STATES","0","2","2","4","data/silver/","2025-11-06T00:17:45.094+01:00","Home Office"
"CG-12040","Catherine","Glotzbach","UNITED STATES","0","1","2","6","data/silver/","2025-11-06T00:17:45.094+01:00","Home Office"
"JB-16045","Julia","Barnett","UNITED STATES","1","1","1","5","data/silver/","2025-11-06T00:17:45.094+01:00","Home Office"
"NZ-18565","Nick","Zandusky","UNITED STATES","0","2","3","9","data/silver/","2025-11-06T00:17:45.094+01:00","Home Office"
"VT-21700","Valerie","Takahito","UNITED STATES","0","0","0","2","data/silver/","2025-11-06T00:17:45.094+01:00","Home Office"
"PS-18970","Paul","Stevenson","UNITED STATES","0","2","3","8","data/silver/","2025-11-06T00:17:45.094+01:00","Home Office"
"NM-18445","Nathan","Mautz","UNITED STATES","0","1","1","7","data/silver/","2025-11-06T00:17:45.094+01:00","Home Office"
"CL-12700","Craig","Leslie","UNITED STATES","0","0","2","4","data/silver/","2025-11-06T00:17:45.094+01:00","Home Office"
"JO-15550","Jesus","Ocampo","UNITED STATES","0","0","2","5","data/silver/","2025-11-06T00:17:45.094+01:00","Home Office"
"SD-20485","Shirley","Daniels","UNITED STATES","0","0","2","9","data/silver/","2025-11-06T00:17:45.094+01:00","Home Office"
"CH-12070","Cathy","Hwang","UNITED STATES","0","0","0","3","data/silver/","2025-11-06T00:17:45.094+01:00","Home Office"
"PB-18805","Patrick","Bzostek","UNITED STATES","1","1","1","3","data/silver/","2025-11-06T00:17:45.094+01:00","Home Office"
"KB-16405","Katrina","Bavinger","UNITED STATES","0","2","2","3","data/silver/","2025-11-06T00:17:45.094+01:00","Home Office"
"BE-11455","Brad","Eason","UNITED STATES","0","0","0","5","data/silver/","2025-11-06T00:17:45.094+01:00","Home Office"
"SZ-20035","Sam","Zeldin","UNITED STATES","0","4","5","11","data/silver/","2025-11-06T00:17:45.094+01:00","Home Office"
"AT-10435","Alyssa","Tate","UNITED STATES","1","1","2","5","data/silver/","2025-11-06T00:17:45.094+01:00","Home Office"
"NL-18310","Nancy","Lomonaco","UNITED STATES","0","1","1","4","data/silver/","2025-11-06T00:17:45.094+01:00","Home Office"
"EH-14005","Erica","Hernandez","UNITED STATES","2","3","4","7","data/silver/","2025-11-06T00:17:45.094+01:00","Home Office"
"JP-16135","Julie","Prescott","UNITED STATES","0","1","4","9","data/silver/","2025-11-06T00:17:45.094+01:00","Home Office"
"VM-21685","Valerie","Mitchum","UNITED STATES","0","2","3","7","data/silver/","2025-11-06T00:17:45.094+01:00","Home Office"
"MG-17875","Michael","Grace","UNITED STATES","0","1","1","5","data/silver/","2025-11-06T00:17:45.094+01:00","Home Office"
"AH-10120","Adrian","Hane","UNITED STATES","0","2","4","7","data/silver/","2025-11-06T00:17:45.094+01:00","Home Office"
"SC-20680","Steve","Carroll","UNITED STATES","0","1","1","6","data/silver/","2025-11-06T00:17:45.094+01:00","Home Office"
"RB-19705","Roger","Barcio","UNITED STATES","0","2","2","4","data/silver/","2025-11-06T00:17:45.094+01:00","Home Office"
"PO-19195","Phillina","Ober","UNITED STATES","0","1","1","5","data/silver/","2025-11-06T00:17:45.094+01:00","Home Office"
"CS-12400","Christopher","Schild","UNITED STATES","1","4","5","9","data/silver/","2025-11-06T00:17:45.094+01:00","Home Office"
"MZ-17335","Maria","Zettner","UNITED STATES","1","1","2","4","data/silver/","2025-11-06T00:17:45.094+01:00","Home Office"
"FG-14260","Frank","Gastineau","UNITED STATES","0","5","5","7","data/silver/","2025-11-06T00:17:45.094+01:00","Home Office"
"PH-18790","Patricia","Hirasaki","UNITED STATES","0","1","1","1","data/silver/","2025-11-06T00:17:45.094+01:00","Home Office"
"RM-19675","Robert","Marley","UNITED STATES","1","1","1","5","data/silver/","2025-11-06T00:17:45.094+01:00","Home Office"
"TH-21550","Tracy","Hopkins","UNITED STATES","0","2","3","7","data/silver/","2025-11-06T00:17:45.094+01:00","Home Office"
"CR-12820","Cyra","Reiten","UNITED STATES","0","1","2","3","data/silver/","2025-11-06T00:17:45.094+01:00","Home Office"
"DR-12940","Daniel","Raglin","UNITED STATES","0","2","2","8","data/silver/","2025-11-06T00:17:45.094+01:00","Home Office"
"SL-20155","Sara","Luxemburg","UNITED STATES","0","2","2","6","data/silver/","2025-11-06T00:17:45.094+01:00","Home Office"
"BC-11125","Becky","Castell","UNITED STATES","0","0","2","9","data/silver/","2025-11-06T00:17:45.094+01:00","Home Office"
"SW-20350","Sean","Wendt","UNITED STATES","0","1","1","3","data/silver/","2025-11-06T00:17:45.094+01:00","Home Office"
"GM-14455","Gary","Mitchum","UNITED STATES","1","2","2","6","data/silver/","2025-11-06T00:17:45.094+01:00","Home Office"
"BF-11215","Benjamin","Farhat","UNITED STATES","0","1","2","4","data/silver/","2025-11-06T00:17:45.094+01:00","Home Office"
"EK-13795","Eileen","Kiefer","UNITED STATES","0","1","1","4","data/silver/","2025-11-06T00:17:45.094+01:00","Home Office"
"NP-18685","Nora","Pelletier","UNITED STATES","0","0","0","5","data/silver/","2025-11-06T00:17:45.094+01:00","Home Office"
"AG-10765","Anthony","Garverick","UNITED STATES","0","1","1","4","data/silver/","2025-11-06T00:17:45.094+01:00","Home Office"
"CC-12100","Chad","Cunningham","UNITED STATES","0","0","0","5","data/silver/","2025-11-06T00:17:45.094+01:00","Home Office"
"SR-20740","Steven","Roelle","UNITED STATES","0","0","1","8","data/silver/","2025-11-06T00:17:45.094+01:00","Home Office"
"HJ-14875","Heather","Jas","UNITED STATES","0","1","1","5","data/silver/","2025-11-06T00:17:45.094+01:00","Home Office"
"DW-13480","Dianna","Wilson","UNITED STATES","0","0","1","5","data/silver/","2025-11-06T00:17:45.094+01:00","Home Office"
"MT-18070","Michelle","Tran","UNITED STATES","0","0","1","4","data/silver/","2025-11-06T00:17:45.094+01:00","Home Office"
"CR-12625","Corey","Roper","UNITED STATES","0","0","0","3","data/silver/","2025-11-06T00:17:45.094+01:00","Home Office"
"NF-18475","Neil","Französisch","UNITED STATES","0","0","0","4","data/silver/","2025-11-06T00:17:45.094+01:00","Home Office"
"SN-20560","Skye","Norling","UNITED STATES","0","1","2","6","data/silver/","2025-11-06T00:17:45.094+01:00","Home Office"
"ML-17755","Max","Ludwig","UNITED STATES","2","3","6","7","data/silver/","2025-11-06T00:17:45.094+01:00","Home Office"
"AB-10060","Adam","Bellavance","UNITED STATES","0","3","4","8","data/silver/","2025-11-06T00:17:45.094+01:00","Home Office"
"PN-18775","Parhena","Norris","UNITED STATES","1","2","4","8","data/silver/","2025-11-06T00:17:45.094+01:00","Home Office"
"CW-11905","Carl","Weiss","UNITED STATES","1","1","2","6","data/silver/","2025-11-06T00:17:45.094+01:00","Home Office"
"RD-19810","Ross","DeVincentis","UNITED STATES","1","2","3","8","data/silver/","2025-11-06T00:17:45.094+01:00","Home Office"
"MH-18115","Mick","Hernandez","UNITED STATES","1","3","8","9","data/silver/","2025-11-06T00:17:45.094+01:00","Home Office"
"TW-21025","Tamara","Willingham","UNITED STATES","0","2","3","7","data/silver/","2025-11-06T00:17:45.094+01:00","Home Office"
"KF-16285","Karen","Ferguson","UNITED STATES","0","2","5","7","data/silver/","2025-11-06T00:17:45.094+01:00","Home Office"
"FC-14245","Frank","Carlisle","UNITED STATES","0","2","3","7","data/silver/","2025-11-06T00:17:45.094+01:00","Home Office"
"TB-21190","Thomas","Brumley","UNITED STATES","0","2","2","4","data/silver/","2025-11-06T00:17:45.094+01:00","Home Office"
"SN-20710","Steve","Nguyen","UNITED STATES","0","1","1","7","data/silver/","2025-11-06T00:17:45.094+01:00","Home Office"
"JL-15175","James","Lanier","UNITED STATES","1","2","2","5","data/silver/","2025-11-06T00:17:45.094+01:00","Home Office"
"TC-21475","Tony","Chapman","UNITED STATES","0","1","3","9","data/silver/","2025-11-06T00:17:45.094+01:00","Home Office"
"MA-17995","Michelle","Arnett","UNITED STATES","0","0","1","6","data/silver/","2025-11-06T00:17:45.094+01:00","Home Office"
"BF-11170","Ben","Ferrer","UNITED STATES","1","1","2","11","data/silver/","2025-11-06T00:17:45.094+01:00","Home Office"
"SS-20515","Shirley","Schmidt","UNITED STATES","0","0","0","3","data/silver/","2025-11-06T00:17:45.094+01:00","Home Office"
"JK-15640","Jim","Kriz","UNITED STATES","0","1","1","9","data/silver/","2025-11-06T00:17:45.094+01:00","Home Office"
"DE-13255","Deanra","Eno","UNITED STATES","0","0","0","5","data/silver/","2025-11-06T00:17:45.094+01:00","Home Office"
"TT-21460","Tonja","Turnell","UNITED STATES","1","3","5","7","data/silver/","2025-11-06T00:17:45.094+01:00","Home Office"
"CM-12655","Corinna","Mitchell","UNITED STATES","1","2","2","5","data/silver/","2025-11-06T00:17:45.094+01:00","Home Office"
"PK-18910","Paul","Knutson","UNITED STATES","0","0","0","2","data/silver/","2025-11-06T00:17:45.094+01:00","Home Office"
"VP-21730","Victor","Preis","UNITED STATES","1","1","2","3","data/silver/","2025-11-06T00:17:45.094+01:00","Home Office"
"DB-13360","Dennis","Bolton","UNITED STATES","0","0","1","5","data/silver/","2025-11-06T00:17:45.094+01:00","Home Office"
"EM-14200","Evan","Minnotte","UNITED STATES","0","1","2","3","data/silver/","2025-11-06T00:17:45.094+01:00","Home Office"
"AB-10255","Alejandro","Ballentine","UNITED STATES","0","1","3","9","data/silver/","2025-11-06T00:17:45.094+01:00","Home Office"
"RB-19795","Ross","Baird","UNITED STATES","0","2","3","8","data/silver/","2025-11-06T00:17:45.094+01:00","Home Office"
"BF-11005","Barry","Franz","UNITED STATES","0","1","1","4","data/silver/","2025-11-06T00:17:45.094+01:00","Home Office"
"ED-13885","Emily","Ducich","UNITED STATES","0","1","2","8","data/silver/","2025-11-06T00:17:45.094+01:00","Home Office"
"HD-14785","Harold","Dahlen","UNITED STATES","0","0","0","3","data/silver/","2025-11-06T00:17:45.094+01:00","Home Office"
"PM-19135","Peter","McVee","UNITED STATES","0","1","1","4","data/silver/","2025-11-06T00:17:45.094+01:00","Home Office"
"BT-11305","Beth","Thompson","UNITED STATES","0","0","1","5","data/silver/","2025-11-06T00:17:45.094+01:00","Home Office"
"MH-17290","Marc","Harrigan","UNITED STATES","0","0","1","5","data/silver/","2025-11-06T00:17:45.094+01:00","Home Office"
